Date,Source,Rate
2024-02-29 17:11:28,Tuni.cash,3.3116
2024-02-29 17:11:36,Remitly,3.2680
2024-02-29 17:11:47,Western Union,3.3292
2024-02-29 17:12:29,Tuni.cash,3.3116
2024-02-29 17:12:39,Remitly,3.2680
2024-02-29 17:12:50,Western Union,3.3292
2024-02-29 18:04:01,Tuni.cash,3.3116
2024-02-29 18:04:08,Remitly,3.2347
2024-02-29 18:04:22,Western Union,3.3243
2024-02-29 18:05:05,Tuni.cash,3.3116
2024-02-29 18:05:13,Remitly,3.2347
2024-02-29 18:05:27,Western Union,3.3243
2024-02-29 18:10:01,Tuni.cash,3.3116
2024-02-29 18:10:10,Remitly,3.2674
2024-02-29 18:10:24,Western Union,3.3243
2024-02-29 18:32:17,Tuni.cash,3.3116
2024-02-29 18:32:31,Remitly,3.2562
2024-02-29 18:32:45,Western Union,3.3243
2024-02-29 18:33:07,WorldRemit,3.2917
2024-02-29 18:40:10,Tuni.cash,3.3116
2024-02-29 18:40:18,Remitly,3.2568
2024-02-29 18:40:49,Western Union,3.3243
2024-02-29 18:41:08,WorldRemit,3.2917
2024-02-29 23:40:26,Tuni.cash,3.3116
2024-02-29 23:40:33,Remitly,3.2611
2024-02-29 23:40:46,Western Union,3.3058
2024-02-29 23:41:01,WorldRemit,3.2902
2024-03-01 00:10:06,Tuni.cash,3.3116
2024-03-01 00:10:13,Remitly,3.2608
2024-03-01 00:10:24,Western Union,3.3008
2024-03-01 00:10:44,WorldRemit,3.2909
2024-03-01 00:40:31,Tuni.cash,3.3116
2024-03-01 00:40:58,Remitly,3.2658
2024-03-01 00:41:31,Western Union,3.3008
2024-03-01 00:42:13,WorldRemit,3.2909
2024-03-01 01:39:59,Tuni.cash,3.3116
2024-03-01 01:40:06,Remitly,3.2506
2024-03-01 01:40:19,Western Union,3.3058
2024-03-01 01:40:33,WorldRemit,3.2869
2024-03-01 02:10:05,Tuni.cash,3.3116
2024-03-01 02:10:12,Remitly,3.2470
2024-03-01 02:10:25,Western Union,3.3058
2024-03-01 02:10:44,WorldRemit,3.2883
2024-03-01 10:10:12,Tuni.cash,3.3086
2024-03-01 10:10:19,Remitly,3.2635
2024-03-01 10:10:44,Western Union,3.3033
2024-03-01 10:11:07,WorldRemit,3.2935
2024-03-01 10:40:09,Tuni.cash,3.3086
2024-03-01 10:40:18,Remitly,3.2741
2024-03-01 10:40:41,Western Union,3.3033
2024-03-01 10:41:08,WorldRemit,3.2935
2024-03-01 11:10:18,Tuni.cash,3.3086
2024-03-01 11:10:42,Remitly,3.2694
2024-03-01 11:11:01,Western Union,3.3033
2024-03-01 11:11:40,WorldRemit,3.2955
2024-03-01 11:40:08,Tuni.cash,3.3086
2024-03-01 11:40:15,Remitly,3.2653
2024-03-01 11:40:28,Western Union,3.3033
2024-03-01 11:40:45,WorldRemit,3.2955
2024-03-01 12:10:08,Tuni.cash,3.3086
2024-03-01 12:10:15,Remitly,3.2603
2024-03-01 12:10:28,Western Union,3.3033
2024-03-01 12:10:46,WorldRemit,3.2954
2024-03-01 12:40:10,Tuni.cash,3.3086
2024-03-01 12:40:19,Remitly,3.2586
2024-03-01 12:40:32,Western Union,3.3024
2024-03-01 12:40:48,WorldRemit,3.2954
2024-03-01 19:25:56,Tuni.cash,3.3086
2024-03-01 19:26:03,Remitly,3.2768
2024-03-01 19:26:14,Western Union,3.3316
2024-03-01 19:26:32,WorldRemit,3.2998
2024-03-01 20:10:15,Tuni.cash,3.3086
2024-03-01 20:10:28,Remitly,3.2671
2024-03-01 20:10:43,Western Union,3.3316
2024-03-01 20:11:07,WorldRemit,3.3007
2024-03-01 20:40:11,Tuni.cash,3.3086
2024-03-01 20:40:19,Remitly,3.2760
2024-03-01 20:40:35,Western Union,3.3316
2024-03-01 20:40:54,WorldRemit,3.3007
2024-03-03 22:10:08,Tuni.cash,3.3086
2024-03-03 22:10:14,Remitly,3.2505
2024-03-03 22:10:26,Western Union,3.3316
2024-03-03 22:10:44,WorldRemit,3.3005
2024-03-03 22:40:16,Tuni.cash,3.3086
2024-03-03 22:40:25,Remitly,3.2669
2024-03-03 22:40:42,Western Union,3.3316
2024-03-03 22:41:17,WorldRemit,3.3005
2024-03-03 23:10:10,Tuni.cash,3.3086
2024-03-03 23:10:18,Remitly,3.2691
2024-03-03 23:10:33,Western Union,3.3316
2024-03-03 23:10:53,WorldRemit,3.3003
2024-03-03 23:40:07,Tuni.cash,3.3086
2024-03-03 23:40:16,Remitly,3.2506
2024-03-03 23:40:28,Western Union,3.3316
2024-03-03 23:40:45,WorldRemit,3.3003
2024-03-04 00:10:10,Tuni.cash,3.3086
2024-03-04 00:10:16,Remitly,3.2506
2024-03-04 00:10:29,Western Union,3.3316
2024-03-04 00:10:55,WorldRemit,3.3009
2024-03-04 00:40:07,Tuni.cash,3.3086
2024-03-04 00:40:14,Remitly,3.2538
2024-03-04 00:40:27,Western Union,3.3316
2024-03-04 00:40:43,WorldRemit,3.3009
2024-03-04 01:10:13,Tuni.cash,3.3086
2024-03-04 01:10:25,Remitly,3.2569
2024-03-04 01:10:39,Western Union,3.3316
2024-03-04 01:10:55,WorldRemit,3.2999
2024-03-04 01:40:07,Tuni.cash,3.3086
2024-03-04 01:40:14,Remitly,3.2751
2024-03-04 01:40:28,Western Union,3.3316
2024-03-04 01:40:44,WorldRemit,3.2999
2024-03-04 02:10:10,Tuni.cash,3.3086
2024-03-04 02:10:18,Remitly,3.2729
2024-03-04 02:10:27,Western Union,3.3316
2024-03-04 02:10:47,WorldRemit,3.2996
2024-03-04 02:40:07,Tuni.cash,3.3086
2024-03-04 02:40:14,Remitly,3.2683
2024-03-04 02:40:28,Western Union,3.3316
2024-03-04 02:40:51,WorldRemit,3.2996
2024-03-04 03:10:07,Tuni.cash,3.3086
2024-03-04 03:10:14,Remitly,3.2700
2024-03-04 03:10:28,Western Union,3.3316
2024-03-04 03:10:48,WorldRemit,3.2995
2024-03-04 03:40:19,Tuni.cash,3.3086
2024-03-04 03:40:26,Remitly,3.2811
2024-03-04 03:40:43,Western Union,3.3316
2024-03-04 03:41:01,WorldRemit,3.2995
2024-03-04 04:10:07,Tuni.cash,3.3086
2024-03-04 04:10:13,Remitly,3.2817
2024-03-04 04:10:25,Western Union,3.3316
2024-03-04 04:10:41,WorldRemit,3.2995
2024-03-04 09:40:14,Tuni.cash,3.3086
2024-03-04 09:40:21,Remitly,3.2693
2024-03-04 09:40:34,Western Union,3.3316
2024-03-04 09:40:52,WorldRemit,3.3041
2024-03-04 10:10:10,Tuni.cash,3.3086
2024-03-04 10:10:18,Remitly,3.2799
2024-03-04 10:10:28,Western Union,3.3359
2024-03-04 10:10:44,WorldRemit,3.3005
2024-03-04 10:40:05,Tuni.cash,3.3086
2024-03-04 10:40:13,Remitly,3.2783
2024-03-04 10:40:23,Western Union,3.3359
2024-03-04 10:40:39,WorldRemit,3.3005
2024-03-04 11:10:05,Tuni.cash,3.3125
2024-03-04 11:10:11,Remitly,3.2794
2024-03-04 11:10:21,Western Union,3.3359
2024-03-04 11:10:43,WorldRemit,3.3006
2024-03-04 11:40:05,Tuni.cash,3.3125
2024-03-04 11:40:12,Remitly,3.2743
2024-03-04 11:40:21,Western Union,3.3359
2024-03-04 11:40:35,WorldRemit,3.3006
2024-03-04 12:10:18,Tuni.cash,3.3125
2024-03-04 12:10:24,Remitly,3.2880
2024-03-04 12:10:35,Western Union,3.3359
2024-03-04 12:10:49,WorldRemit,3.3015
2024-03-04 12:40:20,Tuni.cash,3.3125
2024-03-04 12:40:35,Remitly,3.2664
2024-03-04 12:40:54,Western Union,3.3371
2024-03-04 12:41:08,WorldRemit,3.3015
2024-03-04 13:10:06,Tuni.cash,3.3125
2024-03-04 13:10:14,Remitly,3.2708
2024-03-04 13:10:24,Western Union,3.3371
2024-03-04 13:10:39,WorldRemit,3.3023
2024-03-04 13:40:07,Tuni.cash,3.3125
2024-03-04 13:40:13,Remitly,3.2684
2024-03-04 13:40:24,Western Union,3.3371
2024-03-04 13:40:38,WorldRemit,3.3023
2024-03-04 14:10:05,Tuni.cash,3.3125
2024-03-04 14:10:11,Remitly,3.2699
2024-03-04 14:10:22,Western Union,3.3371
2024-03-04 14:10:36,WorldRemit,3.2993
2024-03-04 14:40:07,Tuni.cash,3.3125
2024-03-04 14:40:13,Remitly,3.2780
2024-03-04 14:40:24,Western Union,3.3371
2024-03-04 14:40:38,WorldRemit,3.2993
2024-03-04 15:10:06,Tuni.cash,3.3125
2024-03-04 15:10:12,Remitly,3.2679
2024-03-04 15:10:22,Western Union,3.3371
2024-03-04 15:10:38,WorldRemit,3.301
2024-03-04 15:40:06,Tuni.cash,3.3125
2024-03-04 15:40:18,Remitly,3.2786
2024-03-04 15:40:30,Western Union,3.3371
2024-03-04 15:40:52,WorldRemit,3.301
2024-03-04 16:10:06,Tuni.cash,3.3125
2024-03-04 16:10:12,Remitly,3.2686
2024-03-04 16:10:22,Western Union,3.3299
2024-03-04 16:10:34,WorldRemit,3.3032
2024-03-04 16:40:05,Tuni.cash,3.3125
2024-03-04 16:40:11,Remitly,3.2529
2024-03-04 16:40:21,Western Union,3.3299
2024-03-04 16:40:39,WorldRemit,3.3032
2024-03-04 17:10:08,Tuni.cash,3.3125
2024-03-04 17:10:15,Remitly,3.2737
2024-03-04 17:10:28,Western Union,3.3299
2024-03-04 17:10:45,WorldRemit,3.3042
2024-03-04 17:40:05,Tuni.cash,3.3125
2024-03-04 17:40:11,Remitly,3.2756
2024-03-04 17:40:24,Western Union,3.3330
2024-03-04 17:40:39,WorldRemit,3.3042
2024-03-04 18:10:07,Tuni.cash,3.3125
2024-03-04 18:11:09,Remitly,3.2688
2024-03-04 18:11:36,Western Union,3.3330
2024-03-04 18:12:16,WorldRemit,
2024-03-04 18:40:08,Tuni.cash,3.3125
2024-03-04 18:40:15,Remitly,3.2612
2024-03-04 18:40:26,Western Union,3.3330
2024-03-04 18:40:44,WorldRemit,3.304
2024-03-04 19:10:09,Tuni.cash,3.3125
2024-03-04 19:10:16,Remitly,3.2805
2024-03-04 19:10:41,Western Union,3.3455
2024-03-04 19:10:55,WorldRemit,3.3025
2024-03-04 19:40:06,Tuni.cash,3.3125
2024-03-04 19:40:12,Remitly,3.2722
2024-03-04 19:40:23,Western Union,3.3455
2024-03-04 19:40:38,WorldRemit,3.3025
2024-03-04 20:10:06,Tuni.cash,3.3125
2024-03-04 20:10:15,Remitly,3.2485
2024-03-04 20:10:28,Western Union,3.3455
2024-03-04 20:10:45,WorldRemit,3.3022
2024-03-04 20:40:11,Tuni.cash,3.3125
2024-03-04 20:40:20,Remitly,3.2724
2024-03-04 20:40:36,Western Union,3.3455
2024-03-04 20:40:52,WorldRemit,3.3022
2024-03-04 21:10:35,Tuni.cash,3.3125
2024-03-04 21:10:41,Remitly,3.2801
2024-03-04 21:11:08,Western Union,3.3455
2024-03-04 21:11:30,WorldRemit,3.3023
2024-03-04 21:40:06,Tuni.cash,3.3125
2024-03-04 21:40:17,Remitly,3.2801
2024-03-04 21:40:31,Western Union,3.3455
2024-03-04 21:40:47,WorldRemit,3.3023
2024-03-04 22:10:09,Tuni.cash,3.3125
2024-03-04 22:10:16,Remitly,3.2748
2024-03-04 22:10:27,Western Union,3.3455
2024-03-04 22:10:43,WorldRemit,3.3023
2024-03-04 22:40:08,Tuni.cash,3.3125
2024-03-04 22:40:18,Remitly,3.2798
2024-03-04 22:40:30,Western Union,3.3455
2024-03-04 22:40:51,WorldRemit,3.3023
2024-03-04 23:10:07,Tuni.cash,3.3125
2024-03-04 23:10:14,Remitly,3.2676
2024-03-04 23:10:24,Western Union,3.3455
2024-03-04 23:10:40,WorldRemit,3.2961
2024-03-04 23:40:07,Tuni.cash,3.3125
2024-03-04 23:40:15,Remitly,3.2714
2024-03-04 23:40:29,Western Union,3.3455
2024-03-04 23:40:51,WorldRemit,3.2961
2024-03-05 00:10:07,Tuni.cash,3.3125
2024-03-05 00:10:14,Remitly,3.2861
2024-03-05 00:10:25,Western Union,3.3405
2024-03-05 00:10:39,WorldRemit,3.3021
2024-03-05 00:40:09,Tuni.cash,3.3125
2024-03-05 00:40:17,Remitly,3.2769
2024-03-05 00:40:30,Western Union,3.3405
2024-03-05 00:40:51,WorldRemit,3.3021
2024-03-05 01:10:07,Tuni.cash,3.3125
2024-03-05 01:10:16,Remitly,3.2804
2024-03-05 01:10:28,Western Union,3.3455
2024-03-05 01:10:43,WorldRemit,3.3016
2024-03-05 01:40:06,Tuni.cash,3.3125
2024-03-05 01:40:13,Remitly,3.2715
2024-03-05 01:40:23,Western Union,3.3455
2024-03-05 01:40:38,WorldRemit,3.3016
2024-03-05 02:10:06,Tuni.cash,3.3125
2024-03-05 02:10:12,Remitly,3.2694
2024-03-05 02:10:22,Western Union,3.3455
2024-03-05 02:10:40,WorldRemit,3.3016
2024-03-05 02:40:07,Tuni.cash,3.3125
2024-03-05 02:40:14,Remitly,3.2741
2024-03-05 02:40:24,Western Union,3.3455
2024-03-05 02:40:38,WorldRemit,3.3016
2024-03-05 03:10:09,Tuni.cash,3.3125
2024-03-05 03:10:16,Remitly,3.2664
2024-03-05 03:10:26,Western Union,3.3455
2024-03-05 03:10:42,WorldRemit,3.3008
2024-03-05 03:40:06,Tuni.cash,3.3125
2024-03-05 03:40:15,Remitly,3.2742
2024-03-05 03:40:25,Western Union,3.3455
2024-03-05 03:40:40,WorldRemit,3.3008
2024-03-05 04:10:08,Tuni.cash,3.3125
2024-03-05 04:10:14,Remitly,3.2732
2024-03-05 04:10:24,Western Union,3.3455
2024-03-05 04:10:38,WorldRemit,3.3007
2024-03-05 04:40:06,Tuni.cash,3.3125
2024-03-05 04:40:12,Remitly,3.2744
2024-03-05 04:40:25,Western Union,3.3455
2024-03-05 04:40:40,WorldRemit,3.3007
2024-03-05 05:10:07,Tuni.cash,3.3125
2024-03-05 05:10:13,Remitly,3.2728
2024-03-05 05:10:24,Western Union,3.3455
2024-03-05 05:10:43,WorldRemit,3.3019
2024-03-05 05:40:10,Tuni.cash,3.3125
2024-03-05 05:40:16,Remitly,3.2682
2024-03-05 05:40:31,Western Union,3.3455
2024-03-05 05:40:46,WorldRemit,3.3019
2024-03-05 06:10:06,Tuni.cash,3.3125
2024-03-05 06:10:15,Remitly,3.2741
2024-03-05 06:10:26,Western Union,3.3455
2024-03-05 06:10:41,WorldRemit,3.3011
2024-03-05 06:40:06,Tuni.cash,3.3125
2024-03-05 06:40:13,Remitly,3.2740
2024-03-05 06:40:24,Western Union,3.3455
2024-03-05 06:40:41,WorldRemit,3.3011
2024-03-05 07:10:06,Tuni.cash,3.3125
2024-03-05 07:10:13,Remitly,3.2799
2024-03-05 07:10:24,Western Union,3.3455
2024-03-05 07:10:41,WorldRemit,3.3015
2024-03-05 07:40:12,Tuni.cash,3.3125
2024-03-05 07:40:19,Remitly,3.2805
2024-03-05 07:40:33,Western Union,3.3455
2024-03-05 07:40:54,WorldRemit,3.3015
2024-03-05 08:10:08,Tuni.cash,3.3125
2024-03-05 08:10:15,Remitly,3.2666
2024-03-05 08:10:27,Western Union,3.3455
2024-03-05 08:10:44,WorldRemit,3.2999
2024-03-05 08:40:09,Tuni.cash,3.3125
2024-03-05 08:40:19,Remitly,3.2702
2024-03-05 08:40:32,Western Union,3.3455
2024-03-05 08:40:48,WorldRemit,3.2999
2024-03-05 09:11:56,Tuni.cash,3.3125
2024-03-05 09:12:17,Remitly,3.2711
2024-03-05 09:12:27,Western Union,3.3455
2024-03-05 09:12:42,WorldRemit,3.2997
2024-03-05 09:40:06,Tuni.cash,3.3125
2024-03-05 09:40:12,Remitly,3.2674
2024-03-05 09:40:21,Western Union,3.3455
2024-03-05 09:40:34,WorldRemit,3.2997
2024-03-05 10:10:13,Tuni.cash,3.3125
2024-03-05 10:10:20,Remitly,3.2727
2024-03-05 10:10:32,Western Union,3.3406
2024-03-05 10:10:50,WorldRemit,3.299
2024-03-05 10:40:07,Tuni.cash,3.3125
2024-03-05 10:40:13,Remitly,3.2749
2024-03-05 10:40:32,Western Union,3.3406
2024-03-05 10:40:50,WorldRemit,3.299
2024-03-06 08:10:16,Tuni.cash,3.3125
2024-03-06 08:10:24,Remitly,3.2669
2024-03-06 08:12:58,Western Union,3.3568
2024-03-06 08:13:20,WorldRemit,3.2998
2024-03-06 08:40:13,Tuni.cash,3.3125
2024-03-06 08:40:22,Remitly,3.2795
2024-03-06 08:40:45,Western Union,3.3568
2024-03-06 08:41:07,WorldRemit,3.2998
2024-03-06 09:10:12,Tuni.cash,3.3125
2024-03-06 09:10:28,Remitly,3.2677
2024-03-06 09:10:41,Western Union,3.3568
2024-03-06 09:10:58,WorldRemit,3.3007
2024-03-06 09:40:09,Tuni.cash,3.3125
2024-03-06 09:40:16,Remitly,3.2731
2024-03-06 09:40:32,Western Union,3.3568
2024-03-06 09:40:57,WorldRemit,3.3007
2024-03-06 10:10:11,Tuni.cash,3.3125
2024-03-06 10:10:22,Remitly,3.2742
2024-03-06 10:10:38,Western Union,3.3543
2024-03-06 10:11:00,WorldRemit,3.3034
2024-03-06 10:40:45,Tuni.cash,3.3125
2024-03-06 10:40:53,Remitly,3.2700
2024-03-06 10:41:10,Western Union,3.3543
2024-03-06 10:41:32,WorldRemit,3.3034
2024-03-06 11:10:12,Tuni.cash,3.3125
2024-03-06 11:10:21,Remitly,3.2755
2024-03-06 11:10:35,Western Union,3.3543
2024-03-06 11:10:58,WorldRemit,3.3036
2024-03-06 11:40:11,Tuni.cash,3.3125
2024-03-06 11:40:19,Remitly,3.2705
2024-03-06 11:40:34,Western Union,3.3543
2024-03-06 11:41:00,WorldRemit,3.3036
2024-03-06 12:10:14,Tuni.cash,3.3125
2024-03-06 12:10:23,Remitly,3.2805
2024-03-06 12:10:41,Western Union,3.3589
2024-03-06 12:11:01,WorldRemit,3.3036
2024-03-06 12:40:10,Tuni.cash,3.3125
2024-03-06 12:40:17,Remitly,3.2640
2024-03-06 12:40:30,Western Union,3.3589
2024-03-06 12:40:51,WorldRemit,3.3036
2024-03-06 13:10:10,Tuni.cash,3.3125
2024-03-06 13:10:24,Remitly,3.2748
2024-03-06 13:10:38,Western Union,3.3589
2024-03-06 13:11:06,WorldRemit,3.3042
2024-03-06 13:40:06,Tuni.cash,3.3125
2024-03-06 13:40:12,Remitly,3.2763
2024-03-06 13:40:26,Western Union,3.3589
2024-03-06 13:40:41,WorldRemit,3.3042
2024-03-06 15:54:37,Tuni.cash,3.3125
2024-03-06 15:54:44,Remitly,3.2668
2024-03-06 15:54:57,Western Union,3.3589
2024-03-06 15:55:21,WorldRemit,3.3068
2024-03-06 18:10:01,Tuni.cash,3.3125
2024-03-06 18:10:08,Remitly,3.2711
2024-03-06 18:10:23,Western Union,3.3462
2024-03-06 18:10:35,WorldRemit,3.3108
2024-03-06 18:39:59,Tuni.cash,3.3125
2024-03-06 18:40:06,Remitly,3.2839
2024-03-06 18:40:15,Western Union,3.3462
2024-03-06 18:40:28,WorldRemit,3.3108
2024-03-06 19:09:58,Tuni.cash,3.3125
2024-03-06 19:10:07,Remitly,3.2760
2024-03-06 19:10:17,Western Union,3.3462
2024-03-06 19:10:30,WorldRemit,3.3081
2024-03-06 19:39:58,Tuni.cash,3.3125
2024-03-06 19:40:05,Remitly,3.2541
2024-03-06 19:40:15,Western Union,3.3462
2024-03-06 19:40:28,WorldRemit,3.3081
2024-03-06 20:09:58,Tuni.cash,3.3125
2024-03-06 20:10:11,Remitly,3.2833
2024-03-06 20:10:21,Western Union,3.3462
2024-03-06 20:10:55,WorldRemit,3.3082
2024-03-06 20:40:02,Tuni.cash,3.3125
2024-03-06 20:40:09,Remitly,3.2580
2024-03-06 20:40:20,Western Union,3.3462
2024-03-06 20:40:37,WorldRemit,3.3082
2024-03-06 21:09:59,Tuni.cash,3.3125
2024-03-06 21:10:06,Remitly,3.2565
2024-03-06 21:10:18,Western Union,3.3462
2024-03-06 21:10:39,WorldRemit,3.3065
2024-03-06 21:39:58,Tuni.cash,3.3125
2024-03-06 21:40:17,Remitly,3.2803
2024-03-06 21:40:29,Western Union,3.3462
2024-03-06 21:40:42,WorldRemit,3.3065
2024-03-06 22:10:00,Tuni.cash,3.3125
2024-03-06 22:10:07,Remitly,3.2520
2024-03-06 22:10:19,Western Union,3.3462
2024-03-06 22:10:34,WorldRemit,3.3081
2024-03-06 22:40:00,Tuni.cash,3.3125
2024-03-06 22:40:09,Remitly,3.2738
2024-03-06 22:40:19,Western Union,3.3462
2024-03-06 22:40:37,WorldRemit,3.3081
2024-03-06 23:09:59,Tuni.cash,3.3125
2024-03-06 23:10:06,Remitly,3.2703
2024-03-06 23:10:17,Western Union,3.3462
2024-03-06 23:10:30,WorldRemit,3.3029
2024-03-06 23:39:59,Tuni.cash,3.3125
2024-03-06 23:40:06,Remitly,3.2823
2024-03-06 23:40:17,Western Union,3.3462
2024-03-06 23:40:36,WorldRemit,3.3029
2024-03-07 00:10:03,Tuni.cash,3.3125
2024-03-07 00:10:11,Remitly,3.2547
2024-03-07 00:10:23,Western Union,3.3412
2024-03-07 00:10:36,WorldRemit,3.3081
2024-03-07 00:40:00,Tuni.cash,3.3125
2024-03-07 00:40:07,Remitly,3.2568
2024-03-07 00:40:18,Western Union,3.3412
2024-03-07 00:40:32,WorldRemit,3.3081
2024-03-07 01:09:58,Tuni.cash,3.3125
2024-03-07 01:10:27,Remitly,3.2563
2024-03-07 01:10:38,Western Union,3.3462
2024-03-07 01:10:51,WorldRemit,3.3082
2024-03-07 01:39:58,Tuni.cash,3.3125
2024-03-07 01:40:04,Remitly,3.2544
2024-03-07 01:40:15,Western Union,3.3462
2024-03-07 01:40:28,WorldRemit,3.3082
2024-03-07 02:09:59,Tuni.cash,3.3125
2024-03-07 02:10:05,Remitly,3.2510
2024-03-07 02:10:17,Western Union,3.3462
2024-03-07 02:10:36,WorldRemit,3.3068
2024-03-07 02:40:02,Tuni.cash,3.3125
2024-03-07 02:40:09,Remitly,3.2533
2024-03-07 02:40:22,Western Union,3.3462
2024-03-07 02:40:35,WorldRemit,3.3068
2024-03-07 03:10:01,Tuni.cash,3.3125
2024-03-07 03:10:07,Remitly,3.2579
2024-03-07 03:10:19,Western Union,3.3462
2024-03-07 03:10:31,WorldRemit,3.3072
2024-03-07 03:40:01,Tuni.cash,3.3125
2024-03-07 03:40:10,Remitly,3.2821
2024-03-07 03:40:26,Western Union,3.3462
2024-03-07 03:40:39,WorldRemit,3.3072
2024-03-07 04:10:00,Tuni.cash,3.3125
2024-03-07 04:10:06,Remitly,3.2553
2024-03-07 04:10:18,Western Union,3.3462
2024-03-07 04:10:32,WorldRemit,3.3075
2024-03-07 04:39:59,Tuni.cash,3.3125
2024-03-07 04:40:05,Remitly,3.2825
2024-03-07 04:40:16,Western Union,3.3462
2024-03-07 04:40:30,WorldRemit,3.3075
2024-03-07 05:10:00,Tuni.cash,3.3125
2024-03-07 05:10:07,Remitly,3.2826
2024-03-07 05:10:18,Western Union,3.3462
2024-03-07 05:10:30,WorldRemit,3.3071
2024-03-07 05:39:59,Tuni.cash,3.3125
2024-03-07 05:40:05,Remitly,3.2829
2024-03-07 05:40:16,Western Union,3.3462
2024-03-07 05:40:28,WorldRemit,3.3071
2024-03-07 06:10:11,Tuni.cash,3.3125
2024-03-07 06:10:18,Remitly,3.2581
2024-03-07 06:10:31,Western Union,3.3462
2024-03-07 06:10:48,WorldRemit,3.3066
2024-03-07 06:40:07,Tuni.cash,3.3125
2024-03-07 06:40:13,Remitly,3.2527
2024-03-07 06:40:25,Western Union,3.3462
2024-03-07 06:40:38,WorldRemit,3.3066
2024-03-07 07:10:07,Tuni.cash,3.3125
2024-03-07 07:10:18,Remitly,3.2565
2024-03-07 07:10:29,Western Union,3.3462
2024-03-07 07:10:45,WorldRemit,3.3072
2024-03-07 07:40:02,Tuni.cash,3.3125
2024-03-07 07:40:08,Remitly,3.2752
2024-03-07 07:40:20,Western Union,3.3462
2024-03-07 07:40:36,WorldRemit,3.3072
2024-03-07 08:10:02,Tuni.cash,3.3125
2024-03-07 08:10:11,Remitly,3.2826
2024-03-07 08:10:21,Western Union,3.3462
2024-03-07 08:10:38,WorldRemit,3.3056
2024-03-07 08:40:04,Tuni.cash,3.3125
2024-03-07 08:40:14,Remitly,3.2821
2024-03-07 08:40:29,Western Union,3.3462
2024-03-07 08:40:44,WorldRemit,3.3056
2024-03-07 09:10:01,Tuni.cash,3.3125
2024-03-07 09:10:08,Remitly,3.2548
2024-03-07 09:10:17,Western Union,3.3462
2024-03-07 09:10:31,WorldRemit,3.3036
2024-03-07 09:39:59,Tuni.cash,3.3125
2024-03-07 09:40:08,Remitly,3.2815
2024-03-07 09:40:37,Western Union,3.3462
2024-03-07 09:40:57,WorldRemit,3.3036
2024-03-07 10:09:58,Tuni.cash,3.3155
2024-03-07 10:10:04,Remitly,3.2500
2024-03-07 10:10:15,Western Union,3.3441
2024-03-07 10:10:28,WorldRemit,3.3036
2024-03-07 10:39:58,Tuni.cash,3.3155
2024-03-07 10:40:05,Remitly,3.2868
2024-03-07 10:40:16,Western Union,3.3441
2024-03-07 10:40:29,WorldRemit,3.3036
2024-03-07 11:10:01,Tuni.cash,3.3155
2024-03-07 11:10:07,Remitly,3.2513
2024-03-07 11:10:22,Western Union,3.3441
2024-03-07 11:10:40,WorldRemit,3.303
2024-03-07 11:40:02,Tuni.cash,3.3155
2024-03-07 11:40:08,Remitly,3.2801
2024-03-07 11:40:18,Western Union,3.3441
2024-03-07 11:40:31,WorldRemit,3.303
2024-03-07 12:10:00,Tuni.cash,3.3155
2024-03-07 12:10:09,Remitly,3.2437
2024-03-07 12:10:21,Western Union,3.3441
2024-03-07 12:10:44,WorldRemit,3.3023
2024-03-07 12:40:00,Tuni.cash,3.3155
2024-03-07 12:40:07,Remitly,3.2772
2024-03-07 12:40:17,Western Union,3.3444
2024-03-07 12:40:29,WorldRemit,3.3023
2024-03-07 13:10:00,Tuni.cash,3.3155
2024-03-07 13:10:06,Remitly,3.2554
2024-03-07 13:10:16,Western Union,3.3444
2024-03-07 13:10:31,WorldRemit,3.3015
2024-03-07 13:43:23,Tuni.cash,3.3155
2024-03-07 13:43:30,Remitly,3.2778
2024-03-07 13:43:42,Western Union,3.3444
2024-03-07 13:44:00,WorldRemit,3.3015
2024-03-07 14:10:11,Tuni.cash,3.3155
2024-03-07 14:10:24,Remitly,
2024-03-07 14:10:38,Western Union,3.3444
2024-03-07 14:10:57,WorldRemit,3.3016
2024-03-07 14:40:04,Tuni.cash,3.3155
2024-03-07 14:40:11,Remitly,3.2503
2024-03-07 14:40:22,Western Union,3.3444
2024-03-07 14:40:38,WorldRemit,3.3016
2024-03-07 15:10:03,Tuni.cash,3.3155
2024-03-07 15:10:10,Remitly,3.2498
2024-03-07 15:10:22,Western Union,3.3444
2024-03-07 15:10:39,WorldRemit,3.2982
2024-03-07 15:40:02,Tuni.cash,3.3155
2024-03-07 15:40:14,Remitly,3.2521
2024-03-07 15:40:30,Western Union,3.3444
2024-03-07 15:40:50,WorldRemit,3.2982
2024-03-07 16:10:10,Tuni.cash,3.3155
2024-03-07 16:10:17,Remitly,3.2484
2024-03-07 16:10:30,Western Union,3.3444
2024-03-07 16:10:47,WorldRemit,3.3061
2024-03-07 16:40:02,Tuni.cash,3.3155
2024-03-07 16:40:09,Remitly,3.2826
2024-03-07 16:40:21,Western Union,3.3413
2024-03-07 16:40:35,WorldRemit,3.3061
2024-03-07 17:10:28,Tuni.cash,3.3155
2024-03-07 17:10:34,Remitly,3.2552
2024-03-07 17:10:51,Western Union,3.3413
2024-03-07 17:11:33,WorldRemit,3.3077
2024-03-07 17:40:02,Tuni.cash,3.3155
2024-03-07 17:40:09,Remitly,3.2958
2024-03-07 17:40:20,Western Union,3.3512
2024-03-07 17:40:34,WorldRemit,3.3077
2024-03-08 06:11:02,Tuni.cash,3.3155
2024-03-08 06:11:10,Remitly,3.2680
2024-03-08 06:11:24,Western Union,3.3576
2024-03-08 06:11:43,WorldRemit,3.3144
2024-03-08 09:13:48,Tuni.cash,3.3155
2024-03-08 09:13:55,Remitly,3.2739
2024-03-08 09:14:07,Western Union,3.3576
2024-03-08 09:14:21,WorldRemit,3.3074
2024-03-08 11:12:59,Tuni.cash,3.3165
2024-03-08 11:13:07,Remitly,3.2642
2024-03-08 11:13:19,Western Union,3.3604
2024-03-08 11:13:43,WorldRemit,3.3044
2024-03-08 11:40:04,Tuni.cash,3.3165
2024-03-08 11:40:12,Remitly,3.2828
2024-03-08 11:40:26,Western Union,3.3604
2024-03-08 11:40:47,WorldRemit,3.3044
2024-03-08 12:10:09,Tuni.cash,3.3165
2024-03-08 12:10:29,Remitly,3.2687
2024-03-08 12:10:48,Western Union,3.3604
2024-03-08 12:11:31,WorldRemit,3.3056
2024-03-08 12:40:05,Tuni.cash,3.3165
2024-03-08 12:40:12,Remitly,3.2683
2024-03-08 12:40:26,Western Union,3.3591
2024-03-08 12:40:44,WorldRemit,3.3056
2024-03-08 13:09:59,Tuni.cash,3.3165
2024-03-08 13:10:07,Remitly,3.2754
2024-03-08 13:10:18,Western Union,3.3591
2024-03-08 13:10:32,WorldRemit,3.3046
2024-03-08 13:40:26,Tuni.cash,3.3165
2024-03-08 13:40:51,Remitly,3.2711
2024-03-08 13:41:19,Western Union,3.3591
2024-03-08 13:41:49,WorldRemit,3.3046
2024-03-08 14:09:59,Tuni.cash,3.3165
2024-03-08 14:10:06,Remitly,3.2765
2024-03-08 14:10:17,Western Union,3.3591
2024-03-08 14:10:30,WorldRemit,3.3053
2024-03-08 14:39:59,Tuni.cash,3.3165
2024-03-08 14:40:05,Remitly,3.2628
2024-03-08 14:40:16,Western Union,3.3591
2024-03-08 14:40:34,WorldRemit,3.3053
2024-03-08 15:10:04,Tuni.cash,3.3165
2024-03-08 15:10:10,Remitly,3.2769
2024-03-08 15:10:25,Western Union,3.3591
2024-03-08 15:10:47,WorldRemit,3.3102
2024-03-08 15:40:00,Tuni.cash,3.3165
2024-03-08 15:40:06,Remitly,3.2598
2024-03-08 15:40:18,Western Union,3.3591
2024-03-08 15:40:35,WorldRemit,3.3102
2024-03-08 16:10:01,Tuni.cash,3.3165
2024-03-08 16:10:12,Remitly,3.2842
2024-03-08 16:10:23,Western Union,3.3591
2024-03-08 16:11:26,WorldRemit,3.3078
2024-03-08 16:40:00,Tuni.cash,3.3165
2024-03-08 16:40:07,Remitly,3.2736
2024-03-08 16:40:23,Western Union,3.3437
2024-03-08 16:40:43,WorldRemit,3.3078
2024-03-08 17:10:01,Tuni.cash,3.3165
2024-03-08 17:10:08,Remitly,3.2634
2024-03-08 17:10:18,Western Union,3.3437
2024-03-08 17:10:35,WorldRemit,3.3075
2024-03-08 17:40:02,Tuni.cash,3.3165
2024-03-08 17:40:08,Remitly,3.2694
2024-03-08 17:40:18,Western Union,3.3514
2024-03-08 17:40:33,WorldRemit,3.3075
2024-03-08 18:09:59,Tuni.cash,3.3165
2024-03-08 18:10:05,Remitly,3.2811
2024-03-08 18:10:16,Western Union,3.3514
2024-03-08 18:10:28,WorldRemit,3.3063
2024-03-08 18:40:03,Tuni.cash,3.3165
2024-03-08 18:40:10,Remitly,3.2764
2024-03-08 18:40:22,Western Union,3.3514
2024-03-08 18:40:38,WorldRemit,3.3063
2024-03-08 19:10:00,Tuni.cash,3.3165
2024-03-08 19:10:07,Remitly,3.2736
2024-03-08 19:10:17,Western Union,3.3514
2024-03-08 19:10:31,WorldRemit,3.3062
2024-03-08 19:40:01,Tuni.cash,3.3165
2024-03-08 19:40:14,Remitly,3.2808
2024-03-08 19:40:28,Western Union,3.3514
2024-03-08 19:40:43,WorldRemit,3.3062
2024-03-08 20:10:00,Tuni.cash,3.3165
2024-03-08 20:10:06,Remitly,3.2587
2024-03-08 20:10:17,Western Union,3.3514
2024-03-08 20:10:31,WorldRemit,3.3069
2024-03-08 20:40:05,Tuni.cash,3.3165
2024-03-08 20:40:18,Remitly,3.2703
2024-03-08 20:40:32,Western Union,3.3358
2024-03-08 20:40:52,WorldRemit,3.3069
2024-03-08 21:09:59,Tuni.cash,3.3165
2024-03-08 21:10:06,Remitly,3.2824
2024-03-08 21:10:16,Western Union,3.3358
2024-03-08 21:10:32,WorldRemit,3.3048
2024-03-08 21:40:04,Tuni.cash,3.3165
2024-03-08 21:40:11,Remitly,3.2931
2024-03-08 21:40:22,Western Union,3.3358
2024-03-08 21:40:37,WorldRemit,3.3048
2024-03-08 22:10:04,Tuni.cash,3.3165
2024-03-08 22:10:11,Remitly,3.2699
2024-03-08 22:10:24,Western Union,3.3358
2024-03-08 22:10:40,WorldRemit,3.3009
2024-03-08 22:40:02,Tuni.cash,3.3165
2024-03-08 22:40:08,Remitly,3.2812
2024-03-08 22:40:21,Western Union,3.3358
2024-03-08 22:40:35,WorldRemit,3.3009
2024-03-08 23:10:00,Tuni.cash,3.3165
2024-03-08 23:10:13,Remitly,3.2733
2024-03-08 23:10:29,Western Union,3.3358
2024-03-08 23:10:47,WorldRemit,3.3002
2024-03-08 23:40:14,Tuni.cash,3.3165
2024-03-08 23:40:22,Remitly,3.2796
2024-03-08 23:40:33,Western Union,3.3358
2024-03-08 23:41:07,WorldRemit,3.3002
2024-03-09 00:10:01,Tuni.cash,3.3165
2024-03-09 00:10:08,Remitly,3.2774
2024-03-09 00:10:20,Western Union,3.3308
2024-03-09 00:10:42,WorldRemit,3.3002
2024-03-09 00:40:03,Tuni.cash,3.3165
2024-03-09 00:40:09,Remitly,3.2704
2024-03-09 00:40:20,Western Union,3.3358
2024-03-09 00:40:35,WorldRemit,3.3002
2024-03-09 01:10:00,Tuni.cash,3.3165
2024-03-09 01:10:06,Remitly,3.2749
2024-03-09 01:10:16,Western Union,3.3358
2024-03-09 01:10:31,WorldRemit,3.3002
2024-03-09 01:39:59,Tuni.cash,3.3165
2024-03-09 01:40:08,Remitly,3.2813
2024-03-09 01:40:21,Western Union,3.3358
2024-03-09 01:40:35,WorldRemit,3.3002
2024-03-09 02:10:02,Tuni.cash,3.3165
2024-03-09 02:10:08,Remitly,3.2670
2024-03-09 02:10:19,Western Union,3.3358
2024-03-09 02:10:30,WorldRemit,3.3002
2024-03-09 02:39:58,Tuni.cash,3.3165
2024-03-09 02:40:05,Remitly,3.2781
2024-03-09 02:40:15,Western Union,3.3358
2024-03-09 02:40:29,WorldRemit,3.3002
2024-03-09 03:10:03,Tuni.cash,3.3165
2024-03-09 03:10:09,Remitly,3.2702
2024-03-09 03:10:19,Western Union,3.3358
2024-03-09 03:10:32,WorldRemit,3.3002
2024-03-09 03:40:00,Tuni.cash,3.3165
2024-03-09 03:40:08,Remitly,3.2781
2024-03-09 03:40:20,Western Union,3.3358
2024-03-09 03:40:36,WorldRemit,3.3002
2024-03-09 04:10:00,Tuni.cash,3.3165
2024-03-09 04:10:09,Remitly,3.2743
2024-03-09 04:10:20,Western Union,3.3358
2024-03-09 04:10:33,WorldRemit,3.3002
2024-03-09 04:40:03,Tuni.cash,3.3165
2024-03-09 04:40:10,Remitly,3.2623
2024-03-09 04:40:29,Western Union,3.3358
2024-03-09 04:40:54,WorldRemit,3.3002
2024-03-09 05:10:04,Tuni.cash,3.3165
2024-03-09 05:10:13,Remitly,3.2548
2024-03-09 05:10:29,Western Union,3.3358
2024-03-09 05:10:46,WorldRemit,3.3002
2024-03-09 05:40:03,Tuni.cash,3.3165
2024-03-09 05:40:10,Remitly,3.2663
2024-03-09 05:40:23,Western Union,3.3358
2024-03-09 05:40:44,WorldRemit,3.3002
2024-03-09 06:10:01,Tuni.cash,3.3165
2024-03-09 06:10:08,Remitly,3.2654
2024-03-09 06:10:24,Western Union,3.3358
2024-03-09 06:10:47,WorldRemit,3.3002
2024-03-09 06:40:02,Tuni.cash,3.3165
2024-03-09 06:40:08,Remitly,3.2738
2024-03-09 06:40:21,Western Union,3.3358
2024-03-09 06:40:36,WorldRemit,3.3002
2024-03-09 07:10:03,Tuni.cash,3.3165
2024-03-09 07:10:11,Remitly,3.2636
2024-03-09 07:10:25,Western Union,3.3358
2024-03-09 07:10:42,WorldRemit,3.3002
2024-03-09 07:40:02,Tuni.cash,3.3165
2024-03-09 07:40:08,Remitly,3.2701
2024-03-09 07:40:20,Western Union,3.3358
2024-03-09 07:40:35,WorldRemit,3.3002
2024-03-09 08:10:03,Tuni.cash,3.3165
2024-03-09 08:10:09,Remitly,3.2781
2024-03-09 08:10:37,Western Union,3.3358
2024-03-09 08:10:53,WorldRemit,3.3002
2024-03-09 09:10:06,Tuni.cash,3.3165
2024-03-09 09:10:13,Remitly,3.2668
2024-03-09 09:10:27,Western Union,3.3358
2024-03-09 09:10:43,WorldRemit,3.3002
2024-03-09 09:40:06,Tuni.cash,3.3165
2024-03-09 09:40:15,Remitly,3.2741
2024-03-09 09:40:30,Western Union,3.3358
2024-03-09 09:40:56,WorldRemit,3.3002
2024-03-09 09:56:26,Tuni.cash,3.3165
2024-03-09 09:56:28,Remitly,3.2610
2024-03-09 09:56:40,Western Union,3.3358
2024-03-09 09:56:48,WorldRemit,3.3002
2024-03-09 10:08:03,Tuni.cash,3.3165
2024-03-09 10:08:07,Remitly,3.2781
2024-03-09 10:08:21,Western Union,3.3358
2024-03-09 10:08:28,WorldRemit,3.3002
2024-03-09 10:25:12,Tuni.cash,3.3165
2024-03-09 10:25:14,Remitly,3.2447
2024-03-09 10:25:44,Western Union,3.3358
2024-03-09 10:25:51,WorldRemit,3.3002
2024-03-09 10:38:00,Tuni.cash,3.3165
2024-03-09 10:38:02,Remitly,3.2464
2024-03-09 10:38:07,Western Union,3.3358
2024-03-09 10:38:14,WorldRemit,3.3002
2024-03-09 10:51:01,Tuni.cash,3.3165
2024-03-09 10:51:03,Remitly,3.2742
2024-03-09 10:51:14,Western Union,3.3358
2024-03-09 10:51:20,WorldRemit,3.3002
2024-03-09 11:10:49,Tuni.cash,3.3165
2024-03-09 11:10:51,Remitly,3.2701
2024-03-09 11:11:00,Western Union,3.3358
2024-03-09 11:11:06,WorldRemit,3.3002
2024-03-09 11:23:48,Tuni.cash,3.3165
2024-03-09 11:23:50,Remitly,3.2722
2024-03-09 11:23:59,Western Union,3.3358
2024-03-09 11:24:05,WorldRemit,3.3002
2024-03-09 11:36:59,Tuni.cash,3.3165
2024-03-09 11:37:00,Remitly,3.2667
2024-03-09 11:37:13,Western Union,3.3358
2024-03-09 11:37:20,WorldRemit,3.3002
2024-03-09 11:50:16,Tuni.cash,3.3165
2024-03-09 11:50:17,Remitly,3.2735
2024-03-09 11:50:22,Western Union,3.3358
2024-03-09 11:50:32,WorldRemit,3.3002
2024-03-09 12:14:44,Tuni.cash,3.3165
2024-03-09 12:14:47,Remitly,3.2744
2024-03-09 12:15:01,Western Union,3.3358
2024-03-09 12:15:07,WorldRemit,3.3002
2024-03-09 12:39:13,Tuni.cash,3.3165
2024-03-09 12:39:15,Remitly,3.2705
2024-03-09 12:39:30,Western Union,3.3358
2024-03-09 12:39:35,WorldRemit,3.3002
2024-03-09 12:53:26,Tuni.cash,3.3165
2024-03-09 12:53:28,Remitly,3.2781
2024-03-09 12:53:33,Western Union,3.3358
2024-03-09 12:53:39,WorldRemit,3.3002
2024-03-09 13:14:29,Tuni.cash,3.3165
2024-03-09 13:14:31,Remitly,3.2781
2024-03-09 13:14:44,Western Union,3.3358
2024-03-09 13:14:52,WorldRemit,3.3002
2024-03-09 13:27:35,Tuni.cash,3.3165
2024-03-09 13:27:37,Remitly,3.2781
2024-03-09 13:27:51,Western Union,3.3358
2024-03-09 13:27:58,WorldRemit,3.3002
2024-03-09 13:40:44,Tuni.cash,3.3165
2024-03-09 13:40:46,Remitly,3.2706
2024-03-09 13:40:51,Western Union,3.3358
2024-03-09 13:40:57,WorldRemit,3.3002
2024-03-09 13:53:42,Tuni.cash,3.3165
2024-03-09 13:53:44,Remitly,3.2704
2024-03-09 13:53:49,Western Union,3.3358
2024-03-09 13:53:55,WorldRemit,3.3002
2024-03-09 14:15:17,Tuni.cash,3.3165
2024-03-09 14:15:19,Remitly,3.2694
2024-03-09 14:15:37,Western Union,3.3358
2024-03-09 14:15:43,WorldRemit,3.3002
2024-03-09 14:28:57,Tuni.cash,3.3165
2024-03-09 14:28:59,Remitly,3.2708
2024-03-09 14:29:10,Western Union,3.3358
2024-03-09 14:29:17,WorldRemit,3.3002
2024-03-09 14:41:51,Tuni.cash,3.3165
2024-03-09 14:41:53,Remitly,3.2531
2024-03-09 14:41:57,Western Union,3.3358
2024-03-09 14:42:05,WorldRemit,3.3002
2024-03-09 14:54:56,Tuni.cash,3.3165
2024-03-09 14:54:58,Remitly,3.2505
2024-03-09 14:55:17,Western Union,3.3358
2024-03-09 14:55:25,WorldRemit,3.3002
2024-03-09 15:15:41,Tuni.cash,3.3165
2024-03-09 15:15:43,Remitly,3.2611
2024-03-09 15:16:02,Western Union,3.3358
2024-03-09 15:16:08,WorldRemit,3.3002
2024-03-09 15:28:36,Tuni.cash,3.3165
2024-03-09 15:28:37,Remitly,3.2781
2024-03-09 15:28:54,Western Union,3.3358
2024-03-09 15:29:00,WorldRemit,3.3002
2024-03-09 15:41:56,Tuni.cash,3.3165
2024-03-09 15:41:58,Remitly,3.2658
2024-03-09 15:42:12,Western Union,3.3358
2024-03-09 15:42:18,WorldRemit,3.3002
2024-03-09 15:55:13,Tuni.cash,3.3165
2024-03-09 15:55:15,Remitly,3.2781
2024-03-09 15:55:27,Western Union,3.3358
2024-03-09 15:55:35,WorldRemit,3.3002
2024-03-09 16:21:42,Tuni.cash,3.3165
2024-03-09 16:21:44,Remitly,3.2682
2024-03-09 16:21:54,Western Union,3.3358
2024-03-09 16:22:01,WorldRemit,3.3002
2024-03-09 16:37:35,Tuni.cash,3.3165
2024-03-09 16:37:37,Remitly,3.2706
2024-03-09 16:37:48,Western Union,3.3358
2024-03-09 16:37:55,WorldRemit,3.3002
2024-03-09 16:51:04,Tuni.cash,3.3165
2024-03-09 16:51:06,Remitly,3.2664
2024-03-09 16:51:23,Western Union,3.3358
2024-03-09 16:51:29,WorldRemit,3.3002
2024-03-09 17:09:08,Tuni.cash,3.3165
2024-03-09 17:09:10,Remitly,3.2724
2024-03-09 17:09:26,Western Union,3.3358
2024-03-09 17:09:33,WorldRemit,3.3002
2024-03-09 17:27:42,Tuni.cash,3.3165
2024-03-09 17:27:44,Remitly,3.2720
2024-03-09 17:28:00,Western Union,3.3358
2024-03-09 17:28:07,WorldRemit,3.3002
2024-03-09 17:40:50,Tuni.cash,3.3165
2024-03-09 17:40:52,Remitly,3.2693
2024-03-09 17:41:17,Western Union,3.3358
2024-03-09 17:41:23,WorldRemit,3.3002
2024-03-09 17:53:28,Tuni.cash,3.3165
2024-03-09 17:53:30,Remitly,3.2699
2024-03-09 17:53:45,Western Union,3.3358
2024-03-09 17:53:53,WorldRemit,3.3002
2024-03-09 18:16:43,Tuni.cash,3.3165
2024-03-09 18:16:45,Remitly,3.2690
2024-03-09 18:17:02,Western Union,3.3358
2024-03-09 18:17:09,WorldRemit,3.3002
2024-03-09 18:29:39,Tuni.cash,3.3165
2024-03-09 18:29:41,Remitly,3.2781
2024-03-09 18:29:54,Western Union,3.3358
2024-03-09 18:30:00,WorldRemit,3.3002
2024-03-09 18:42:34,Tuni.cash,3.3165
2024-03-09 18:42:36,Remitly,3.2781
2024-03-09 18:42:45,Western Union,3.3358
2024-03-09 18:42:51,WorldRemit,3.3002
2024-03-09 18:55:52,Tuni.cash,3.3165
2024-03-09 18:55:54,Remitly,3.2664
2024-03-09 18:56:13,Western Union,3.3358
2024-03-09 18:56:19,WorldRemit,3.3002
2024-03-09 19:13:32,Tuni.cash,3.3165
2024-03-09 19:13:34,Remitly,3.2509
2024-03-09 19:13:46,Western Union,3.3358
2024-03-09 19:13:54,WorldRemit,3.3002
2024-03-09 19:26:16,Tuni.cash,3.3165
2024-03-09 19:26:18,Remitly,3.2508
2024-03-09 19:26:23,Western Union,3.3358
2024-03-09 19:26:30,WorldRemit,3.3002
2024-03-09 19:39:41,Tuni.cash,3.3165
2024-03-09 19:39:43,Remitly,3.2802
2024-03-09 19:39:57,Western Union,3.3358
2024-03-09 19:40:03,WorldRemit,3.3002
2024-03-09 19:52:56,Tuni.cash,3.3165
2024-03-09 19:52:58,Remitly,3.2838
2024-03-09 19:53:18,Western Union,3.3358
2024-03-09 19:53:23,WorldRemit,3.3002
2024-03-09 20:12:42,Tuni.cash,3.3165
2024-03-09 20:12:44,Remitly,3.2512
2024-03-09 20:13:00,Western Union,3.3358
2024-03-09 20:13:07,WorldRemit,3.3002
2024-03-09 20:25:24,Tuni.cash,3.3165
2024-03-09 20:25:26,Remitly,3.2781
2024-03-09 20:25:37,Western Union,3.3358
2024-03-09 20:25:44,WorldRemit,3.3002
2024-03-09 20:38:39,Tuni.cash,3.3165
2024-03-09 20:38:41,Remitly,3.2474
2024-03-09 20:38:57,Western Union,3.3358
2024-03-09 20:39:03,WorldRemit,3.3002
2024-03-09 20:51:31,Tuni.cash,3.3165
2024-03-09 20:51:33,Remitly,3.2534
2024-03-09 20:51:48,Western Union,3.3358
2024-03-09 20:51:57,WorldRemit,3.3002
2024-03-09 21:12:17,Tuni.cash,3.3165
2024-03-09 21:12:20,Remitly,3.2781
2024-03-09 21:12:34,Western Union,3.3358
2024-03-09 21:12:41,WorldRemit,3.3002
2024-03-09 21:25:13,Tuni.cash,3.3165
2024-03-09 21:25:15,Remitly,3.2781
2024-03-09 21:25:20,Western Union,3.3358
2024-03-09 21:25:27,WorldRemit,3.3002
2024-03-09 21:38:19,Tuni.cash,3.3165
2024-03-09 21:38:21,Remitly,3.2489
2024-03-09 21:38:31,Western Union,3.3358
2024-03-09 21:38:40,WorldRemit,3.3002
2024-03-09 21:51:41,Tuni.cash,3.3165
2024-03-09 21:51:44,Remitly,3.2781
2024-03-09 21:51:58,Western Union,3.3358
2024-03-09 21:52:06,WorldRemit,3.3002
2024-03-09 22:11:25,Tuni.cash,3.3165
2024-03-09 22:11:27,Remitly,3.2669
2024-03-09 22:11:42,Western Union,3.3358
2024-03-09 22:11:48,WorldRemit,3.3002
2024-03-09 22:28:30,Tuni.cash,3.3165
2024-03-09 22:28:32,Remitly,3.2707
2024-03-09 22:28:41,Western Union,3.3358
2024-03-09 22:28:48,WorldRemit,3.3002
2024-03-09 22:41:41,Tuni.cash,3.3165
2024-03-09 22:41:43,Remitly,3.2527
2024-03-09 22:42:03,Western Union,3.3358
2024-03-09 22:42:11,WorldRemit,3.3002
2024-03-09 22:54:20,Tuni.cash,3.3165
2024-03-09 22:54:21,Remitly,3.2497
2024-03-09 22:54:31,Western Union,3.3358
2024-03-09 22:54:37,WorldRemit,3.3002
2024-03-09 23:16:11,Tuni.cash,3.3165
2024-03-09 23:16:13,Remitly,3.2494
2024-03-09 23:16:28,Western Union,3.3358
2024-03-09 23:16:33,WorldRemit,3.3002
2024-03-09 23:29:03,Tuni.cash,3.3165
2024-03-09 23:29:05,Remitly,3.2485
2024-03-09 23:29:11,Western Union,3.3358
2024-03-09 23:29:18,WorldRemit,3.3002
2024-03-09 23:42:00,Tuni.cash,3.3165
2024-03-09 23:42:03,Remitly,3.2544
2024-03-09 23:42:15,Western Union,3.3358
2024-03-09 23:42:22,WorldRemit,3.3002
2024-03-09 23:55:13,Tuni.cash,3.3165
2024-03-09 23:55:14,Remitly,3.2445
2024-03-09 23:55:29,Western Union,3.3358
2024-03-09 23:55:36,WorldRemit,3.3002
2024-03-10 01:18:45,Tuni.cash,3.3165
2024-03-10 01:18:47,Remitly,3.2505
2024-03-10 01:18:57,Western Union,3.3358
2024-03-10 01:19:04,WorldRemit,3.3002
2024-03-10 02:03:35,Tuni.cash,3.3165
2024-03-10 02:03:37,Remitly,3.2532
2024-03-10 02:03:51,Western Union,3.3358
2024-03-10 02:03:58,WorldRemit,3.3002
2024-03-10 02:29:38,Tuni.cash,3.3165
2024-03-10 02:29:40,Remitly,3.2455
2024-03-10 02:29:52,Western Union,3.3358
2024-03-10 02:29:58,WorldRemit,3.3002
2024-03-10 02:42:35,Tuni.cash,3.3165
2024-03-10 02:42:37,Remitly,3.2858
2024-03-10 02:42:51,Western Union,3.3358
2024-03-10 02:42:57,WorldRemit,3.3002
2024-03-10 02:55:45,Tuni.cash,3.3165
2024-03-10 02:55:47,Remitly,3.2918
2024-03-10 02:55:53,Western Union,3.3358
2024-03-10 02:55:59,WorldRemit,3.3002
2024-03-10 03:18:59,Tuni.cash,3.3165
2024-03-10 03:19:01,Remitly,3.2486
2024-03-10 03:19:15,Western Union,3.3358
2024-03-10 03:19:22,WorldRemit,3.3002
2024-03-10 03:32:47,Tuni.cash,3.3165
2024-03-10 03:32:49,Remitly,3.2523
2024-03-10 03:32:54,Western Union,3.3358
2024-03-10 03:33:01,WorldRemit,3.3002
2024-03-10 03:45:43,Tuni.cash,3.3165
2024-03-10 03:45:45,Remitly,3.2459
2024-03-10 03:45:57,Western Union,3.3358
2024-03-10 03:46:03,WorldRemit,3.3002
2024-03-10 03:58:47,Tuni.cash,3.3165
2024-03-10 03:58:49,Remitly,3.2535
2024-03-10 03:59:10,Western Union,3.3358
2024-03-10 03:59:17,WorldRemit,3.3002
2024-03-10 04:23:53,Tuni.cash,3.3165
2024-03-10 04:23:55,Remitly,3.2527
2024-03-10 04:24:10,Western Union,3.3358
2024-03-10 04:24:16,WorldRemit,3.3002
2024-03-10 04:37:40,Tuni.cash,3.3165
2024-03-10 04:37:43,Remitly,3.2520
2024-03-10 04:40:01,Western Union,3.3358
2024-03-10 04:40:08,WorldRemit,3.3002
2024-03-10 04:50:31,Tuni.cash,3.3165
2024-03-10 04:50:33,Remitly,3.2487
2024-03-10 04:52:45,Western Union,3.3358
2024-03-10 04:52:51,WorldRemit,3.3002
2024-03-10 05:09:51,Tuni.cash,3.3165
2024-03-10 05:09:52,Remitly,3.2508
2024-03-10 05:12:08,Western Union,3.3358
2024-03-10 05:12:15,WorldRemit,3.3002
2024-03-10 05:27:32,Tuni.cash,3.3165
2024-03-10 05:27:34,Remitly,3.2472
2024-03-10 05:27:47,Western Union,3.3358
2024-03-10 05:27:52,WorldRemit,3.3002
2024-03-10 05:40:36,Tuni.cash,3.3165
2024-03-10 05:40:37,Remitly,3.2523
2024-03-10 05:42:53,Western Union,3.3358
2024-03-10 05:42:59,WorldRemit,3.3002
2024-03-10 05:53:59,Tuni.cash,3.3165
2024-03-10 05:54:01,Remitly,3.2531
2024-03-10 05:54:13,Western Union,3.3358
2024-03-10 05:54:19,WorldRemit,3.3002
2024-03-10 06:18:14,Tuni.cash,3.3165
2024-03-10 06:18:16,Remitly,3.2495
2024-03-10 06:18:28,Western Union,3.3358
2024-03-10 06:18:34,WorldRemit,3.3002
2024-03-10 06:31:41,Tuni.cash,3.3165
2024-03-10 06:31:44,Remitly,3.2781
2024-03-10 06:31:58,Western Union,3.3358
2024-03-10 06:32:05,WorldRemit,3.3002
2024-03-10 06:44:31,Tuni.cash,3.3165
2024-03-10 06:44:33,Remitly,3.2781
2024-03-10 06:44:45,Western Union,3.3358
2024-03-10 06:44:52,WorldRemit,3.3002
2024-03-10 06:57:16,Tuni.cash,3.3165
2024-03-10 06:57:18,Remitly,3.2781
2024-03-10 06:57:23,Western Union,3.3358
2024-03-10 06:57:30,WorldRemit,3.3002
2024-03-10 07:18:57,Tuni.cash,3.3165
2024-03-10 07:18:59,Remitly,3.2529
2024-03-10 07:19:12,Western Union,3.3358
2024-03-10 07:19:20,WorldRemit,3.3002
2024-03-10 07:32:05,Tuni.cash,3.3165
2024-03-10 07:32:07,Remitly,3.2495
2024-03-10 07:32:25,Western Union,3.3358
2024-03-10 07:32:31,WorldRemit,3.3002
2024-03-10 07:44:53,Tuni.cash,3.3165
2024-03-10 07:44:55,Remitly,3.2487
2024-03-10 07:45:08,Western Union,3.3358
2024-03-10 07:45:14,WorldRemit,3.3002
2024-03-10 07:58:11,Tuni.cash,3.3165
2024-03-10 07:58:13,Remitly,3.2540
2024-03-10 07:58:25,Western Union,3.3358
2024-03-10 07:58:33,WorldRemit,3.3002
2024-03-10 08:23:21,Tuni.cash,3.3165
2024-03-10 08:23:23,Remitly,3.2448
2024-03-10 08:23:34,Western Union,3.3358
2024-03-10 08:23:40,WorldRemit,3.3002
2024-03-10 08:36:56,Tuni.cash,3.3165
2024-03-10 08:36:57,Remitly,3.2482
2024-03-10 08:37:11,Western Union,3.3358
2024-03-10 08:37:18,WorldRemit,3.3002
2024-03-10 08:50:05,Tuni.cash,3.3165
2024-03-10 08:50:07,Remitly,3.2514
2024-03-10 08:50:13,Western Union,3.3358
2024-03-10 08:50:20,WorldRemit,3.3002
2024-03-10 09:08:20,Tuni.cash,3.3165
2024-03-10 09:08:22,Remitly,3.2530
2024-03-10 09:08:37,Western Union,3.3358
2024-03-10 09:08:44,WorldRemit,3.3002
2024-03-10 09:23:50,Tuni.cash,3.3165
2024-03-10 09:23:52,Remitly,3.2504
2024-03-10 09:23:56,Western Union,3.3358
2024-03-10 09:24:03,WorldRemit,3.3002
2024-03-10 09:37:09,Tuni.cash,3.3165
2024-03-10 09:37:10,Remitly,3.2781
2024-03-10 09:37:26,Western Union,3.3358
2024-03-10 09:37:34,WorldRemit,3.3002
2024-03-10 09:50:08,Tuni.cash,3.3165
2024-03-10 09:50:10,Remitly,3.2524
2024-03-10 09:50:33,Western Union,3.3358
2024-03-10 09:50:39,WorldRemit,3.3002
2024-03-10 10:08:59,Tuni.cash,3.3165
2024-03-10 10:09:02,Remitly,3.2476
2024-03-10 10:09:19,Western Union,3.3358
2024-03-10 10:09:25,WorldRemit,3.3002
2024-03-10 10:26:55,Tuni.cash,3.3165
2024-03-10 10:26:57,Remitly,3.2537
2024-03-10 10:27:09,Western Union,3.3358
2024-03-10 10:27:17,WorldRemit,3.3002
2024-03-10 10:39:45,Tuni.cash,3.3165
2024-03-10 10:39:47,Remitly,3.2500
2024-03-10 10:39:51,Western Union,3.3358
2024-03-10 10:39:58,WorldRemit,3.3002
2024-03-10 10:52:40,Tuni.cash,3.3165
2024-03-10 10:52:42,Remitly,3.2499
2024-03-10 10:52:57,Western Union,3.3358
2024-03-10 10:53:04,WorldRemit,3.3002
2024-03-10 11:11:06,Tuni.cash,3.3165
2024-03-10 11:11:07,Remitly,3.2878
2024-03-10 11:11:24,Western Union,3.3358
2024-03-10 11:11:32,WorldRemit,3.3002
2024-03-10 11:24:12,Tuni.cash,3.3165
2024-03-10 11:24:14,Remitly,3.2781
2024-03-10 11:24:18,Western Union,3.3358
2024-03-10 11:24:26,WorldRemit,3.3002
2024-03-10 11:37:27,Tuni.cash,3.3165
2024-03-10 11:37:29,Remitly,3.2515
2024-03-10 11:37:47,Western Union,3.3358
2024-03-10 11:37:55,WorldRemit,3.3002
2024-03-10 11:50:24,Tuni.cash,3.3165
2024-03-10 11:50:26,Remitly,3.2529
2024-03-10 11:50:37,Western Union,3.3358
2024-03-10 11:50:47,WorldRemit,3.3002
2024-03-10 12:15:24,Tuni.cash,3.3165
2024-03-10 12:15:27,Remitly,3.2465
2024-03-10 12:15:45,Western Union,3.3358
2024-03-10 12:15:52,WorldRemit,3.3002
2024-03-10 12:39:21,Tuni.cash,3.3165
2024-03-10 12:39:24,Remitly,3.2540
2024-03-10 12:39:28,Western Union,3.3358
2024-03-10 12:39:35,WorldRemit,3.3002
2024-03-10 12:53:47,Tuni.cash,3.3165
2024-03-10 12:53:49,Remitly,3.2449
2024-03-10 12:53:54,Western Union,3.3358
2024-03-10 12:54:01,WorldRemit,3.3002
2024-03-10 13:16:22,Tuni.cash,3.3165
2024-03-10 13:16:24,Remitly,3.2490
2024-03-10 13:16:48,Western Union,3.3358
2024-03-10 13:16:54,WorldRemit,3.3002
2024-03-10 13:29:24,Tuni.cash,3.3165
2024-03-10 13:29:27,Remitly,3.2456
2024-03-10 13:29:31,Western Union,3.3358
2024-03-10 13:29:38,WorldRemit,3.3002
2024-03-10 13:42:38,Tuni.cash,3.3165
2024-03-10 13:42:40,Remitly,3.2473
2024-03-10 13:42:48,Western Union,3.3358
2024-03-10 13:42:56,WorldRemit,3.3002
2024-03-10 13:55:32,Tuni.cash,3.3165
2024-03-10 13:55:33,Remitly,3.2535
2024-03-10 13:55:53,Western Union,3.3358
2024-03-10 13:56:00,WorldRemit,3.3002
2024-03-10 14:16:10,Tuni.cash,3.3165
2024-03-10 14:16:13,Remitly,3.2781
2024-03-10 14:16:24,Western Union,3.3358
2024-03-10 14:16:30,WorldRemit,3.3002
2024-03-10 14:29:25,Tuni.cash,3.3165
2024-03-10 14:29:28,Remitly,3.2536
2024-03-10 14:29:45,Western Union,3.3358
2024-03-10 14:29:52,WorldRemit,3.3002
2024-03-10 14:42:17,Tuni.cash,3.3165
2024-03-10 14:42:19,Remitly,3.2528
2024-03-10 14:42:30,Western Union,3.3358
2024-03-10 14:42:37,WorldRemit,3.3002
2024-03-10 14:55:46,Tuni.cash,3.3165
2024-03-10 14:55:47,Remitly,3.2460
2024-03-10 14:56:07,Western Union,3.3358
2024-03-10 14:56:14,WorldRemit,3.3002
2024-03-10 15:16:27,Tuni.cash,3.3165
2024-03-10 15:16:29,Remitly,3.2444
2024-03-10 15:16:45,Western Union,3.3358
2024-03-10 15:16:51,WorldRemit,3.3002
2024-03-10 15:29:26,Tuni.cash,3.3165
2024-03-10 15:29:28,Remitly,3.2521
2024-03-10 15:29:41,Western Union,3.3358
2024-03-10 15:29:47,WorldRemit,3.3002
2024-03-10 15:42:17,Tuni.cash,3.3165
2024-03-10 15:42:19,Remitly,3.2781
2024-03-10 15:42:24,Western Union,3.3358
2024-03-10 15:42:31,WorldRemit,3.3002
2024-03-10 15:55:36,Tuni.cash,3.3165
2024-03-10 15:55:38,Remitly,3.2781
2024-03-10 15:55:48,Western Union,3.3358
2024-03-10 15:55:55,WorldRemit,3.3002
2024-03-10 16:21:30,Tuni.cash,3.3165
2024-03-10 16:21:32,Remitly,3.2523
2024-03-10 16:21:36,Western Union,3.3358
2024-03-10 16:21:43,WorldRemit,3.3002
2024-03-10 16:36:34,Tuni.cash,3.3165
2024-03-10 16:36:36,Remitly,3.2781
2024-03-10 16:36:50,Western Union,3.3358
2024-03-10 16:36:55,WorldRemit,3.3002
2024-03-10 16:49:51,Tuni.cash,3.3165
2024-03-10 16:49:54,Remitly,3.2504
2024-03-10 16:50:06,Western Union,3.3358
2024-03-10 16:50:12,WorldRemit,3.3002
2024-03-10 17:09:13,Tuni.cash,3.3165
2024-03-10 17:09:14,Remitly,3.2450
2024-03-10 17:09:28,Western Union,3.3358
2024-03-10 17:09:37,WorldRemit,3.3002
2024-03-10 17:27:07,Tuni.cash,3.3165
2024-03-10 17:27:09,Remitly,3.2904
2024-03-10 17:27:14,Western Union,3.3358
2024-03-10 17:27:20,WorldRemit,3.3002
2024-03-10 17:40:22,Tuni.cash,3.3165
2024-03-10 17:40:24,Remitly,3.2874
2024-03-10 17:40:38,Western Union,3.3358
2024-03-10 17:40:45,WorldRemit,3.3002
2024-03-10 17:53:25,Tuni.cash,3.3165
2024-03-10 17:53:27,Remitly,3.2917
2024-03-10 17:53:42,Western Union,3.3358
2024-03-10 17:53:48,WorldRemit,3.3002
2024-03-10 18:16:27,Tuni.cash,3.3165
2024-03-10 18:16:29,Remitly,3.2477
2024-03-10 18:16:46,Western Union,3.3358
2024-03-10 18:16:53,WorldRemit,3.3002
2024-03-10 18:29:37,Tuni.cash,3.3165
2024-03-10 18:29:39,Remitly,3.2534
2024-03-10 18:29:54,Western Union,3.3358
2024-03-10 18:30:00,WorldRemit,3.3002
2024-03-10 18:42:51,Tuni.cash,3.3165
2024-03-10 18:42:54,Remitly,3.2516
2024-03-10 18:43:22,Western Union,3.3358
2024-03-10 18:43:29,WorldRemit,3.3002
2024-03-10 18:55:16,Tuni.cash,3.3165
2024-03-10 18:55:17,Remitly,3.2514
2024-03-10 18:55:30,Western Union,3.3358
2024-03-10 18:55:37,WorldRemit,3.3002
2024-03-10 19:13:36,Tuni.cash,3.3165
2024-03-10 19:13:39,Remitly,3.2664
2024-03-10 19:13:53,Western Union,3.3358
2024-03-10 19:13:59,WorldRemit,3.3024
2024-03-10 19:26:36,Tuni.cash,3.3165
2024-03-10 19:26:38,Remitly,3.2685
2024-03-10 19:26:53,Western Union,3.3358
2024-03-10 19:27:01,WorldRemit,3.3024
2024-03-10 19:39:50,Tuni.cash,3.3165
2024-03-10 19:39:52,Remitly,3.2733
2024-03-10 19:40:08,Western Union,3.3358
2024-03-10 19:40:14,WorldRemit,3.3024
2024-03-10 20:57:15,Tuni.cash,3.3165
2024-03-10 20:57:17,Remitly,3.2869
2024-03-10 20:57:29,Western Union,3.3358
2024-03-10 20:57:35,WorldRemit,3.3024
2024-03-10 21:15:41,Tuni.cash,3.3165
2024-03-10 21:15:43,Remitly,3.2964
2024-03-10 21:15:50,Western Union,3.3358
2024-03-10 21:15:57,WorldRemit,3.3002
2024-03-10 21:28:48,Tuni.cash,3.3165
2024-03-10 21:28:50,Remitly,3.2799
2024-03-10 21:29:06,Western Union,3.3358
2024-03-10 21:29:12,WorldRemit,3.3002
2024-03-10 21:41:39,Tuni.cash,3.3165
2024-03-10 21:41:41,Remitly,3.2748
2024-03-10 21:41:51,Western Union,3.3358
2024-03-10 21:41:57,WorldRemit,3.3002
2024-03-10 21:54:50,Tuni.cash,3.3165
2024-03-10 21:54:51,Remitly,3.2664
2024-03-10 21:55:05,Western Union,3.3358
2024-03-10 21:55:11,WorldRemit,3.3002
2024-03-10 22:13:29,Tuni.cash,3.3165
2024-03-10 22:13:31,Remitly,3.2733
2024-03-10 22:13:35,Western Union,3.3358
2024-03-10 22:13:42,WorldRemit,3.3002
2024-03-10 22:26:16,Tuni.cash,3.3165
2024-03-10 22:26:18,Remitly,3.2686
2024-03-10 22:26:33,Western Union,3.3358
2024-03-10 22:26:39,WorldRemit,3.3002
2024-03-10 22:39:13,Tuni.cash,3.3165
2024-03-10 22:39:15,Remitly,3.2687
2024-03-10 22:39:25,Western Union,3.3358
2024-03-10 22:39:31,WorldRemit,3.3002
2024-03-10 22:52:12,Tuni.cash,3.3165
2024-03-10 22:52:14,Remitly,3.2663
2024-03-10 22:52:25,Western Union,3.3358
2024-03-10 22:52:32,WorldRemit,3.3002
2024-03-10 23:12:44,Tuni.cash,3.3165
2024-03-10 23:12:46,Remitly,3.2781
2024-03-10 23:12:58,Western Union,3.3358
2024-03-10 23:13:05,WorldRemit,3.2999
2024-03-10 23:28:48,Tuni.cash,3.3165
2024-03-10 23:28:49,Remitly,3.2491
2024-03-10 23:28:55,Western Union,3.3358
2024-03-10 23:29:01,WorldRemit,3.2999
2024-03-10 23:41:39,Tuni.cash,3.3165
2024-03-10 23:41:41,Remitly,3.2563
2024-03-10 23:41:47,Western Union,3.3358
2024-03-10 23:41:54,WorldRemit,3.2999
2024-03-10 23:54:47,Tuni.cash,3.3165
2024-03-10 23:54:49,Remitly,3.2465
2024-03-10 23:55:07,Western Union,3.3358
2024-03-10 23:55:13,WorldRemit,3.2999
2024-03-11 00:17:25,Tuni.cash,3.3165
2024-03-11 00:17:27,Remitly,3.2425
2024-03-11 00:17:54,Western Union,3.3358
2024-03-11 00:18:00,WorldRemit,3.3019
2024-03-11 00:30:48,Tuni.cash,3.3165
2024-03-11 00:30:51,Remitly,3.2867
2024-03-11 00:31:05,Western Union,3.3358
2024-03-11 00:31:11,WorldRemit,3.3019
2024-03-11 00:43:40,Tuni.cash,3.3165
2024-03-11 00:43:41,Remitly,3.2909
2024-03-11 00:43:51,Western Union,3.3358
2024-03-11 00:43:57,WorldRemit,3.3019
2024-03-11 00:56:33,Tuni.cash,3.3165
2024-03-11 00:56:35,Remitly,3.2879
2024-03-11 00:56:40,Western Union,3.3358
2024-03-11 00:56:46,WorldRemit,3.3019
2024-03-11 02:18:01,Tuni.cash,3.3165
2024-03-11 02:18:03,Remitly,3.2890
2024-03-11 02:18:08,Western Union,3.3358
2024-03-11 02:18:14,WorldRemit,3.3012
2024-03-11 02:59:18,Tuni.cash,3.3165
2024-03-11 02:59:21,Remitly,3.2859
2024-03-11 02:59:38,Western Union,3.3358
2024-03-11 02:59:46,WorldRemit,3.3012
2024-03-11 03:26:49,Tuni.cash,3.3165
2024-03-11 03:26:50,Remitly,3.2948
2024-03-11 03:26:56,Western Union,3.3358
2024-03-11 03:27:04,WorldRemit,3.301
2024-03-11 03:39:54,Tuni.cash,3.3165
2024-03-11 03:39:56,Remitly,3.2889
2024-03-11 03:40:01,Western Union,3.3358
2024-03-11 03:40:08,WorldRemit,3.301
2024-03-11 03:53:03,Tuni.cash,3.3165
2024-03-11 03:53:04,Remitly,3.2908
2024-03-11 03:53:20,Western Union,3.3358
2024-03-11 03:53:27,WorldRemit,3.301
2024-03-11 04:16:53,Tuni.cash,3.3165
2024-03-11 04:16:54,Remitly,3.2769
2024-03-11 04:17:02,Western Union,3.3358
2024-03-11 04:17:17,WorldRemit,3.3023
2024-03-11 04:30:53,Tuni.cash,3.3165
2024-03-11 04:30:55,Remitly,3.2717
2024-03-11 04:31:14,Western Union,3.3358
2024-03-11 04:31:21,WorldRemit,3.3023
2024-03-11 04:43:40,Tuni.cash,3.3165
2024-03-11 04:43:42,Remitly,3.2698
2024-03-11 04:43:47,Western Union,3.3358
2024-03-11 04:43:54,WorldRemit,3.3023
2024-03-11 04:56:53,Tuni.cash,3.3165
2024-03-11 04:56:54,Remitly,3.2637
2024-03-11 04:57:06,Western Union,3.3358
2024-03-11 04:57:14,WorldRemit,3.3023
2024-03-11 05:23:19,Tuni.cash,3.3165
2024-03-11 05:23:20,Remitly,3.2778
2024-03-11 05:23:36,Western Union,3.3358
2024-03-11 05:23:43,WorldRemit,3.3024
2024-03-11 05:37:24,Tuni.cash,3.3165
2024-03-11 05:37:27,Remitly,3.2638
2024-03-11 05:37:40,Western Union,3.3358
2024-03-11 05:37:49,WorldRemit,3.3024
2024-03-11 05:50:12,Tuni.cash,3.3165
2024-03-11 05:50:15,Remitly,3.2769
2024-03-11 05:50:30,Western Union,3.3358
2024-03-11 05:50:37,WorldRemit,3.3024
2024-03-11 06:10:52,Tuni.cash,3.3165
2024-03-11 06:10:55,Remitly,3.2760
2024-03-11 06:11:22,Western Union,3.3358
2024-03-11 06:11:28,WorldRemit,3.3013
2024-03-11 06:28:30,Tuni.cash,3.3165
2024-03-11 06:28:32,Remitly,3.2740
2024-03-11 06:28:46,Western Union,3.3358
2024-03-11 06:28:52,WorldRemit,3.3013
2024-03-11 06:41:39,Tuni.cash,3.3165
2024-03-11 06:41:41,Remitly,3.2647
2024-03-11 06:41:53,Western Union,3.3358
2024-03-11 06:42:01,WorldRemit,3.3013
2024-03-11 06:54:26,Tuni.cash,3.3165
2024-03-11 06:54:28,Remitly,3.2772
2024-03-11 06:54:33,Western Union,3.3358
2024-03-11 06:54:39,WorldRemit,3.3013
2024-03-11 07:21:39,Tuni.cash,3.3165
2024-03-11 07:21:42,Remitly,3.2888
2024-03-11 07:21:57,Western Union,3.3358
2024-03-11 07:22:04,WorldRemit,3.3027
2024-03-11 07:37:12,Tuni.cash,3.3165
2024-03-11 07:37:15,Remitly,3.2912
2024-03-11 07:37:40,Western Union,3.3358
2024-03-11 07:37:47,WorldRemit,3.3027
2024-03-11 07:50:22,Tuni.cash,3.3165
2024-03-11 07:50:24,Remitly,3.2864
2024-03-11 07:50:30,Western Union,3.3358
2024-03-11 07:50:36,WorldRemit,3.3027
2024-03-11 08:10:24,Tuni.cash,3.3165
2024-03-11 08:10:27,Remitly,3.2723
2024-03-11 08:10:45,Western Union,3.3358
2024-03-11 08:10:51,WorldRemit,3.3017
2024-03-11 08:23:18,Tuni.cash,3.3165
2024-03-11 08:23:20,Remitly,3.2760
2024-03-11 08:23:25,Western Union,3.3358
2024-03-11 08:23:31,WorldRemit,3.3017
2024-03-11 08:36:23,Tuni.cash,3.3165
2024-03-11 08:36:25,Remitly,3.2652
2024-03-11 08:36:41,Western Union,3.3358
2024-03-11 08:36:47,WorldRemit,3.3017
2024-03-11 08:49:31,Tuni.cash,3.3165
2024-03-11 08:49:33,Remitly,3.2702
2024-03-11 08:49:47,Western Union,3.3322
2024-03-11 08:50:01,WorldRemit,3.3017
2024-03-11 09:11:36,Tuni.cash,3.3165
2024-03-11 09:11:39,Remitly,3.2639
2024-03-11 09:12:01,Western Union,3.3322
2024-03-11 09:12:15,WorldRemit,3.3048
2024-03-11 09:29:07,Tuni.cash,3.3165
2024-03-11 09:29:09,Remitly,3.2810
2024-03-11 09:29:20,Western Union,3.3322
2024-03-11 09:29:33,WorldRemit,3.3048
2024-03-11 09:42:22,Tuni.cash,3.3165
2024-03-11 09:42:24,Remitly,3.2892
2024-03-11 09:42:38,Western Union,3.3322
2024-03-11 09:42:52,WorldRemit,3.3048
2024-03-11 09:55:09,Tuni.cash,3.3165
2024-03-11 09:55:11,Remitly,3.2757
2024-03-11 09:55:20,Western Union,3.3322
2024-03-11 09:55:27,WorldRemit,3.3048
2024-03-11 10:19:14,Tuni.cash,3.3165
2024-03-11 10:19:17,Remitly,3.2707
2024-03-11 10:19:34,Western Union,3.3322
2024-03-11 10:19:48,WorldRemit,3.305
2024-03-11 10:32:49,Tuni.cash,3.3165
2024-03-11 10:32:52,Remitly,3.2662
2024-03-11 10:33:09,Western Union,3.3322
2024-03-11 10:33:23,WorldRemit,3.305
2024-03-11 10:45:57,Tuni.cash,3.3165
2024-03-11 10:45:59,Remitly,3.2704
2024-03-11 10:46:11,Western Union,3.3322
2024-03-11 10:46:25,WorldRemit,3.305
2024-03-11 10:58:56,Tuni.cash,3.3165
2024-03-11 10:58:57,Remitly,3.2815
2024-03-11 10:59:02,Western Union,3.3322
2024-03-11 10:59:08,WorldRemit,3.305
2024-03-11 11:24:43,Tuni.cash,3.3165
2024-03-11 11:24:45,Remitly,3.2749
2024-03-11 11:24:59,Western Union,3.3285
2024-03-11 11:25:05,WorldRemit,3.3016
2024-03-11 11:38:29,Tuni.cash,3.3165
2024-03-11 11:38:31,Remitly,3.2702
2024-03-11 11:38:47,Western Union,3.3285
2024-03-11 11:39:03,WorldRemit,3.3016
2024-03-11 11:51:44,Tuni.cash,3.3165
2024-03-11 11:51:46,Remitly,3.2756
2024-03-11 11:51:52,Western Union,3.3285
2024-03-11 11:52:07,WorldRemit,3.3016
2024-03-11 12:11:47,Tuni.cash,3.3165
2024-03-11 12:11:50,Remitly,3.2785
2024-03-11 12:12:10,Western Union,3.3285
2024-03-11 12:12:17,WorldRemit,3.3033
2024-03-11 12:24:34,Tuni.cash,3.3165
2024-03-11 12:24:36,Remitly,3.2700
2024-03-11 12:24:48,Western Union,3.3285
2024-03-11 12:24:56,WorldRemit,3.3033
2024-03-11 12:37:50,Tuni.cash,3.3165
2024-03-11 12:37:51,Remitly,3.2645
2024-03-11 12:38:01,Western Union,3.3285
2024-03-11 12:38:07,WorldRemit,
2024-03-11 12:50:51,Tuni.cash,3.3165
2024-03-11 12:50:52,Remitly,3.2774
2024-03-11 12:51:07,Western Union,3.3285
2024-03-11 12:51:15,WorldRemit,3.3033
2024-03-11 13:19:30,Tuni.cash,3.3165
2024-03-11 13:19:33,Remitly,3.2686
2024-03-11 13:20:01,Western Union,3.3285
2024-03-11 13:20:12,WorldRemit,3.3036
2024-03-11 13:44:38,Tuni.cash,3.3165
2024-03-11 13:44:40,Remitly,3.2776
2024-03-11 13:44:44,Western Union,3.3285
2024-03-11 13:44:50,WorldRemit,3.3036
2024-03-11 13:59:02,Tuni.cash,3.3165
2024-03-11 13:59:04,Remitly,3.2669
2024-03-11 13:59:26,Western Union,3.3285
2024-03-11 13:59:33,WorldRemit,3.3036
2024-03-11 14:21:24,Tuni.cash,3.3165
2024-03-11 14:21:26,Remitly,3.2656
2024-03-11 14:21:48,Western Union,3.3285
2024-03-11 14:21:56,WorldRemit,3.3019
2024-03-11 14:35:52,Tuni.cash,3.3165
2024-03-11 14:35:54,Remitly,3.2617
2024-03-11 14:36:12,Western Union,3.3285
2024-03-11 14:36:18,WorldRemit,3.3019
2024-03-11 14:49:05,Tuni.cash,3.3165
2024-03-11 14:49:07,Remitly,3.2764
2024-03-11 14:49:21,Western Union,3.3285
2024-03-11 14:49:27,WorldRemit,3.3019
2024-03-11 15:07:27,Tuni.cash,3.3165
2024-03-11 15:07:29,Remitly,3.2687
2024-03-11 15:07:43,Western Union,3.3307
2024-03-11 15:07:49,WorldRemit,3.2988
2024-03-11 15:26:16,Tuni.cash,3.3165
2024-03-11 15:26:19,Remitly,3.2743
2024-03-11 15:26:31,Western Union,3.3307
2024-03-11 15:26:38,WorldRemit,3.2988
2024-03-11 15:39:34,Tuni.cash,3.3165
2024-03-11 15:39:36,Remitly,3.2688
2024-03-11 15:39:57,Western Union,3.3307
2024-03-11 15:40:06,WorldRemit,3.2988
2024-03-11 15:52:36,Tuni.cash,3.3165
2024-03-11 15:52:38,Remitly,3.2723
2024-03-11 15:52:50,Western Union,3.3307
2024-03-11 15:52:56,WorldRemit,3.2988
2024-03-11 16:14:28,Tuni.cash,3.3165
2024-03-11 16:14:29,Remitly,3.2632
2024-03-11 16:14:42,Western Union,3.3307
2024-03-11 16:14:48,WorldRemit,3.3003
2024-03-11 16:27:12,Tuni.cash,3.3165
2024-03-11 16:27:14,Remitly,3.2765
2024-03-11 16:27:24,Western Union,3.3270
2024-03-11 16:27:30,WorldRemit,3.3003
2024-03-11 16:40:24,Tuni.cash,3.3165
2024-03-11 16:40:26,Remitly,3.2532
2024-03-11 16:40:47,Western Union,3.3270
2024-03-11 16:40:54,WorldRemit,3.3003
2024-03-11 16:53:55,Tuni.cash,3.3165
2024-03-11 16:53:57,Remitly,3.2697
2024-03-11 16:54:18,Western Union,3.3270
2024-03-11 16:54:25,WorldRemit,3.3003
2024-03-11 17:19:15,Tuni.cash,3.3165
2024-03-11 17:19:19,Remitly,3.2698
2024-03-11 17:20:07,Western Union,3.3270
2024-03-11 17:20:15,WorldRemit,3.3006
2024-03-11 17:33:38,Tuni.cash,3.3165
2024-03-11 17:33:40,Remitly,3.2679
2024-03-11 17:33:55,Western Union,3.3270
2024-03-11 17:34:01,WorldRemit,3.3006
2024-03-11 17:47:51,Tuni.cash,3.3165
2024-03-11 17:47:55,Remitly,3.2739
2024-03-11 17:48:32,Western Union,3.3270
2024-03-11 17:48:39,WorldRemit,3.3006
2024-03-11 18:00:02,Tuni.cash,3.3165
2024-03-11 18:00:04,Remitly,3.2715
2024-03-11 18:00:15,Western Union,3.3270
2024-03-11 18:00:21,WorldRemit,3.3006
2024-03-11 18:21:10,Tuni.cash,3.3165
2024-03-11 18:21:13,Remitly,3.2770
2024-03-11 18:21:32,Western Union,3.3270
2024-03-11 18:21:39,WorldRemit,3.3007
2024-03-11 18:34:34,Tuni.cash,3.3165
2024-03-11 18:34:36,Remitly,3.2762
2024-03-11 18:34:52,Western Union,3.3176
2024-03-11 18:35:01,WorldRemit,3.3007
2024-03-11 18:47:48,Tuni.cash,3.3165
2024-03-11 18:47:50,Remitly,3.2755
2024-03-11 18:48:00,Western Union,3.3176
2024-03-11 18:48:08,WorldRemit,3.3007
2024-03-11 19:01:00,Tuni.cash,3.3165
2024-03-11 19:01:02,Remitly,3.2962
2024-03-11 19:01:15,Western Union,3.3176
2024-03-11 19:01:24,WorldRemit,3.3004
2024-03-11 19:24:59,Tuni.cash,3.3165
2024-03-11 19:25:01,Remitly,3.2690
2024-03-11 19:25:21,Western Union,3.3176
2024-03-11 19:25:28,WorldRemit,3.3004
2024-03-11 19:37:45,Tuni.cash,3.3165
2024-03-11 19:37:47,Remitly,3.2683
2024-03-11 19:38:02,Western Union,3.3176
2024-03-11 19:38:09,WorldRemit,3.3004
2024-03-11 19:54:46,Tuni.cash,3.3165
2024-03-11 19:54:48,Remitly,3.2738
2024-03-11 19:55:06,Western Union,3.3176
2024-03-11 19:55:13,WorldRemit,3.3004
2024-03-11 20:11:30,Tuni.cash,3.3165
2024-03-11 20:11:32,Remitly,3.2839
2024-03-11 20:11:48,Western Union,3.3176
2024-03-11 20:11:55,WorldRemit,3.3002
2024-03-11 20:24:00,Tuni.cash,3.3165
2024-03-11 20:24:02,Remitly,3.2677
2024-03-11 20:24:19,Western Union,3.3176
2024-03-11 20:24:25,WorldRemit,3.3002
2024-03-11 20:37:12,Tuni.cash,3.3165
2024-03-11 20:37:14,Remitly,3.2588
2024-03-11 20:37:28,Western Union,3.3176
2024-03-11 20:37:34,WorldRemit,3.3002
2024-03-11 20:50:59,Tuni.cash,3.3165
2024-03-11 20:51:02,Remitly,3.2770
2024-03-11 20:51:31,Western Union,3.3176
2024-03-11 20:51:38,WorldRemit,3.3002
2024-03-11 21:12:06,Tuni.cash,3.3165
2024-03-11 21:12:09,Remitly,3.2750
2024-03-11 21:12:26,Western Union,3.3176
2024-03-11 21:12:33,WorldRemit,3.3005
2024-03-11 21:26:29,Tuni.cash,3.3165
2024-03-11 21:26:31,Remitly,3.2724
2024-03-11 21:26:47,Western Union,3.3176
2024-03-11 21:26:55,WorldRemit,3.3005
2024-03-11 21:39:28,Tuni.cash,3.3165
2024-03-11 21:39:30,Remitly,3.2713
2024-03-11 21:39:50,Western Union,3.3176
2024-03-11 21:39:56,WorldRemit,3.3005
2024-03-11 21:52:27,Tuni.cash,3.3165
2024-03-11 21:52:29,Remitly,3.2988
2024-03-11 21:52:41,Western Union,3.3176
2024-03-11 21:52:47,WorldRemit,3.3005
2024-03-11 22:13:55,Tuni.cash,3.3165
2024-03-11 22:13:57,Remitly,3.2981
2024-03-11 22:14:26,Western Union,3.3176
2024-03-11 22:14:33,WorldRemit,3.3001
2024-03-11 22:26:58,Tuni.cash,3.3165
2024-03-11 22:27:00,Remitly,3.2890
2024-03-11 22:27:14,Western Union,3.3176
2024-03-11 22:27:20,WorldRemit,3.3001
2024-03-11 22:40:08,Tuni.cash,3.3165
2024-03-11 22:40:11,Remitly,3.2920
2024-03-11 22:40:30,Western Union,3.3176
2024-03-11 22:40:38,WorldRemit,3.3001
2024-03-11 22:53:00,Tuni.cash,3.3165
2024-03-11 22:53:02,Remitly,3.2910
2024-03-11 22:53:18,Western Union,3.3176
2024-03-11 22:53:24,WorldRemit,3.3001
2024-03-11 23:12:29,Tuni.cash,3.3165
2024-03-11 23:12:31,Remitly,3.2840
2024-03-11 23:12:42,Western Union,3.3126
2024-03-11 23:12:49,WorldRemit,3.3004
2024-03-11 23:28:21,Tuni.cash,3.3165
2024-03-11 23:28:24,Remitly,3.2991
2024-03-11 23:28:42,Western Union,3.3126
2024-03-11 23:28:48,WorldRemit,3.3004
2024-03-11 23:41:20,Tuni.cash,3.3165
2024-03-11 23:41:21,Remitly,3.2968
2024-03-11 23:41:37,Western Union,3.3126
2024-03-11 23:41:44,WorldRemit,3.3004
2024-03-11 23:54:20,Tuni.cash,3.3165
2024-03-11 23:54:22,Remitly,3.2838
2024-03-11 23:54:27,Western Union,3.3176
2024-03-11 23:54:33,WorldRemit,3.3004
2024-03-12 00:16:51,Tuni.cash,3.3165
2024-03-12 00:16:53,Remitly,3.2839
2024-03-12 00:17:05,Western Union,3.3176
2024-03-12 00:17:12,WorldRemit,3.3004
2024-03-12 00:30:09,Tuni.cash,3.3165
2024-03-12 00:30:11,Remitly,3.2742
2024-03-12 00:30:29,Western Union,3.3176
2024-03-12 00:30:35,WorldRemit,3.3004
2024-03-12 00:43:16,Tuni.cash,3.3165
2024-03-12 00:43:18,Remitly,3.2767
2024-03-12 00:43:23,Western Union,3.3176
2024-03-12 00:43:29,WorldRemit,3.3004
2024-03-12 00:56:24,Tuni.cash,3.3165
2024-03-12 00:56:26,Remitly,3.2724
2024-03-12 00:56:37,Western Union,3.3176
2024-03-12 00:56:43,WorldRemit,3.3004
2024-03-12 02:16:48,Tuni.cash,3.3165
2024-03-12 02:16:50,Remitly,3.2676
2024-03-12 02:17:09,Western Union,3.3176
2024-03-12 02:17:17,WorldRemit,3.301
2024-03-12 02:57:45,Tuni.cash,3.3165
2024-03-12 02:57:47,Remitly,3.2967
2024-03-12 02:57:53,Western Union,3.3176
2024-03-12 02:58:00,WorldRemit,
2024-03-12 03:23:39,Tuni.cash,3.3165
2024-03-12 03:23:41,Remitly,3.2965
2024-03-12 03:23:53,Western Union,3.3176
2024-03-12 03:24:00,WorldRemit,3.3021
2024-03-12 03:37:22,Tuni.cash,3.3165
2024-03-12 03:37:24,Remitly,3.2805
2024-03-12 03:37:29,Western Union,3.3176
2024-03-12 03:37:36,WorldRemit,3.3021
2024-03-12 03:50:35,Tuni.cash,3.3165
2024-03-12 03:50:37,Remitly,3.2872
2024-03-12 03:50:55,Western Union,3.3176
2024-03-12 03:51:02,WorldRemit,3.3021
2024-03-12 04:12:16,Tuni.cash,3.3165
2024-03-12 04:12:18,Remitly,3.2865
2024-03-12 04:12:24,Western Union,3.3176
2024-03-12 04:12:31,WorldRemit,3.3029
2024-03-12 04:29:25,Tuni.cash,3.3165
2024-03-12 04:29:27,Remitly,3.2986
2024-03-12 04:29:46,Western Union,3.3176
2024-03-12 04:29:54,WorldRemit,3.3029
2024-03-12 04:42:30,Tuni.cash,3.3165
2024-03-12 04:42:33,Remitly,3.3011
2024-03-12 04:42:49,Western Union,3.3176
2024-03-12 04:42:55,WorldRemit,3.3029
2024-03-12 04:55:13,Tuni.cash,3.3165
2024-03-12 04:55:15,Remitly,3.3016
2024-03-12 04:55:24,Western Union,3.3176
2024-03-12 04:55:30,WorldRemit,3.3029
2024-03-12 05:23:28,Tuni.cash,3.3165
2024-03-12 05:23:30,Remitly,3.2943
2024-03-12 05:23:36,Western Union,3.3176
2024-03-12 05:23:43,WorldRemit,3.3028
2024-03-12 05:37:17,Tuni.cash,3.3165
2024-03-12 05:37:19,Remitly,3.2861
2024-03-12 05:37:35,Western Union,3.3176
2024-03-12 05:37:42,WorldRemit,3.3028
2024-03-12 05:50:32,Tuni.cash,3.3165
2024-03-12 05:50:34,Remitly,3.2877
2024-03-12 05:50:50,Western Union,3.3176
2024-03-12 05:50:56,WorldRemit,
2024-03-12 06:11:23,Tuni.cash,3.3165
2024-03-12 06:11:25,Remitly,3.2850
2024-03-12 06:11:47,Western Union,3.3176
2024-03-12 06:11:53,WorldRemit,
2024-03-12 06:28:18,Tuni.cash,3.3165
2024-03-12 06:28:19,Remitly,3.2828
2024-03-12 06:28:33,Western Union,3.3176
2024-03-12 06:28:40,WorldRemit,3.3032
2024-03-12 06:41:15,Tuni.cash,3.3165
2024-03-12 06:41:20,Remitly,3.2868
2024-03-12 06:41:25,Western Union,3.3176
2024-03-12 06:41:34,WorldRemit,3.3032
2024-03-12 06:54:11,Tuni.cash,3.3165
2024-03-12 06:54:12,Remitly,3.2853
2024-03-12 06:54:22,Western Union,3.3176
2024-03-12 06:54:30,WorldRemit,3.3032
2024-03-12 07:20:29,Tuni.cash,3.3165
2024-03-12 07:20:31,Remitly,3.2881
2024-03-12 07:20:45,Western Union,3.3176
2024-03-12 07:20:51,WorldRemit,3.3034
2024-03-12 07:34:08,Tuni.cash,3.3165
2024-03-12 07:34:11,Remitly,3.2846
2024-03-12 07:34:28,Western Union,3.3176
2024-03-12 07:34:34,WorldRemit,3.3034
2024-03-12 07:46:59,Tuni.cash,3.3165
2024-03-12 07:47:01,Remitly,3.2887
2024-03-12 07:47:06,Western Union,3.3176
2024-03-12 07:47:14,WorldRemit,3.3034
2024-03-12 08:00:14,Tuni.cash,3.3165
2024-03-12 08:00:16,Remitly,3.2976
2024-03-12 08:00:31,Western Union,3.3176
2024-03-12 08:00:37,WorldRemit,3.3034
2024-03-12 08:18:01,Tuni.cash,3.3165
2024-03-12 08:18:03,Remitly,3.2999
2024-03-12 08:18:19,Western Union,3.3176
2024-03-12 08:18:25,WorldRemit,3.3033
2024-03-12 08:31:21,Tuni.cash,3.3165
2024-03-12 08:31:23,Remitly,3.2862
2024-03-12 08:31:43,Western Union,3.3176
2024-03-12 08:31:49,WorldRemit,3.3033
2024-03-12 08:44:33,Tuni.cash,3.3165
2024-03-12 08:44:35,Remitly,3.2857
2024-03-12 08:44:51,Western Union,3.3176
2024-03-12 08:44:58,WorldRemit,3.3033
2024-03-12 08:57:29,Tuni.cash,3.3165
2024-03-12 08:57:32,Remitly,3.2770
2024-03-12 08:57:43,Western Union,3.3212
2024-03-12 08:57:49,WorldRemit,3.3033
2024-03-12 09:22:43,Tuni.cash,3.3165
2024-03-12 09:22:44,Remitly,3.2806
2024-03-12 09:22:50,Western Union,3.3212
2024-03-12 09:22:57,WorldRemit,3.3026
2024-03-12 09:36:07,Tuni.cash,3.3165
2024-03-12 09:36:10,Remitly,3.2821
2024-03-12 09:36:29,Western Union,3.3212
2024-03-12 09:36:34,WorldRemit,3.3026
2024-03-12 09:49:11,Tuni.cash,3.3165
2024-03-12 09:49:13,Remitly,3.2889
2024-03-12 09:49:25,Western Union,3.3212
2024-03-12 09:49:32,WorldRemit,3.3026
2024-03-12 10:09:48,Tuni.cash,3.3165
2024-03-12 10:09:49,Remitly,3.2892
2024-03-12 10:09:55,Western Union,3.3212
2024-03-12 10:10:03,WorldRemit,3.302
2024-03-12 10:27:53,Tuni.cash,3.3165
2024-03-12 10:27:55,Remitly,3.2680
2024-03-12 10:28:05,Western Union,3.3212
2024-03-12 10:28:12,WorldRemit,3.302
2024-03-12 10:41:26,Tuni.cash,3.3165
2024-03-12 10:41:29,Remitly,3.2692
2024-03-12 10:41:52,Western Union,3.3212
2024-03-12 10:42:00,WorldRemit,3.302
2024-03-12 10:54:20,Tuni.cash,3.3165
2024-03-12 10:54:22,Remitly,3.2723
2024-03-12 10:54:27,Western Union,3.3212
2024-03-12 10:54:34,WorldRemit,3.302
2024-03-12 11:17:06,Tuni.cash,3.3145
2024-03-12 11:17:09,Remitly,3.2730
2024-03-12 11:17:31,Western Union,3.3212
2024-03-12 11:17:39,WorldRemit,3.3028
2024-03-12 11:30:35,Tuni.cash,3.3145
2024-03-12 11:30:37,Remitly,3.2815
2024-03-12 11:30:53,Western Union,3.3197
2024-03-12 11:31:00,WorldRemit,3.3028
2024-03-12 11:43:47,Tuni.cash,3.3145
2024-03-12 11:43:50,Remitly,3.2830
2024-03-12 11:44:13,Western Union,3.3197
2024-03-12 11:44:21,WorldRemit,3.3028
2024-03-12 11:56:33,Tuni.cash,3.3145
2024-03-12 11:56:34,Remitly,3.2762
2024-03-12 11:56:39,Western Union,3.3197
2024-03-12 11:56:45,WorldRemit,3.3028
2024-03-12 12:14:57,Tuni.cash,3.3145
2024-03-12 12:14:59,Remitly,3.2755
2024-03-12 12:15:15,Western Union,3.3197
2024-03-12 12:15:21,WorldRemit,3.3032
2024-03-12 12:28:26,Tuni.cash,3.3145
2024-03-12 12:28:28,Remitly,3.2837
2024-03-12 12:28:41,Western Union,3.3197
2024-03-12 12:28:49,WorldRemit,3.3032
2024-03-12 12:41:06,Tuni.cash,3.3145
2024-03-12 12:41:08,Remitly,3.2833
2024-03-12 12:41:20,Western Union,3.3197
2024-03-12 12:41:27,WorldRemit,3.3032
2024-03-12 12:54:22,Tuni.cash,3.3145
2024-03-12 12:54:24,Remitly,3.2833
2024-03-12 12:54:29,Western Union,3.3197
2024-03-12 12:54:35,WorldRemit,3.3032
2024-03-12 13:29:39,Tuni.cash,3.3145
2024-03-12 13:29:41,Remitly,3.2962
2024-03-12 13:29:59,Western Union,3.3197
2024-03-12 13:30:06,WorldRemit,3.3035
2024-03-12 13:51:01,Tuni.cash,3.3145
2024-03-12 13:51:03,Remitly,3.2983
2024-03-12 13:51:20,Western Union,3.3197
2024-03-12 13:51:26,WorldRemit,3.3035
2024-03-12 14:11:14,Tuni.cash,3.3145
2024-03-12 14:11:16,Remitly,3.2696
2024-03-12 14:11:21,Western Union,3.3197
2024-03-12 14:11:29,WorldRemit,3.301
2024-03-12 14:24:56,Tuni.cash,3.3145
2024-03-12 14:24:59,Remitly,3.2686
2024-03-12 14:25:22,Western Union,3.3197
2024-03-12 14:25:28,WorldRemit,3.301
2024-03-12 14:38:32,Tuni.cash,3.3145
2024-03-12 14:38:35,Remitly,3.2776
2024-03-12 14:39:08,Western Union,3.3197
2024-03-12 14:39:15,WorldRemit,3.301
2024-03-12 14:51:08,Tuni.cash,3.3145
2024-03-12 14:51:10,Remitly,3.2742
2024-03-12 14:51:26,Western Union,3.3229
2024-03-12 14:51:33,WorldRemit,3.301
2024-03-12 15:10:23,Tuni.cash,3.3145
2024-03-12 15:10:25,Remitly,3.2818
2024-03-12 15:10:42,Western Union,3.3229
2024-03-12 15:10:48,WorldRemit,3.2993
2024-03-12 15:27:15,Tuni.cash,3.3145
2024-03-12 15:27:17,Remitly,3.2838
2024-03-12 15:27:28,Western Union,3.3229
2024-03-12 15:27:37,WorldRemit,3.2993
2024-03-12 15:40:20,Tuni.cash,3.3145
2024-03-12 15:40:22,Remitly,3.2825
2024-03-12 15:40:39,Western Union,3.3229
2024-03-12 15:40:46,WorldRemit,3.2993
2024-03-12 15:53:33,Tuni.cash,3.3145
2024-03-12 15:53:35,Remitly,3.2824
2024-03-12 15:53:47,Western Union,3.3229
2024-03-12 15:53:55,WorldRemit,3.2993
2024-03-12 16:14:52,Tuni.cash,3.3145
2024-03-12 16:14:55,Remitly,3.2780
2024-03-12 16:15:06,Western Union,3.3229
2024-03-12 16:15:15,WorldRemit,3.3003
2024-03-12 16:27:40,Tuni.cash,3.3145
2024-03-12 16:27:42,Remitly,3.2977
2024-03-12 16:27:53,Western Union,3.3190
2024-03-12 16:28:03,WorldRemit,3.3003
2024-03-12 16:42:12,Tuni.cash,3.3145
2024-03-12 16:42:13,Remitly,3.2975
2024-03-12 16:42:33,Western Union,3.3190
2024-03-12 16:42:41,WorldRemit,3.3003
2024-03-12 16:55:08,Tuni.cash,3.3145
2024-03-12 16:55:10,Remitly,3.2761
2024-03-12 16:55:14,Western Union,3.3190
2024-03-12 16:55:27,WorldRemit,3.3003
2024-03-12 17:22:41,Tuni.cash,3.3145
2024-03-12 17:22:43,Remitly,3.2808
2024-03-12 17:22:56,Western Union,3.3190
2024-03-12 17:23:08,WorldRemit,3.3005
2024-03-12 17:37:32,Tuni.cash,3.3145
2024-03-12 17:37:34,Remitly,3.2839
2024-03-12 17:37:38,Western Union,3.3190
2024-03-12 17:37:49,WorldRemit,3.3005
2024-03-12 17:50:48,Tuni.cash,3.3145
2024-03-12 17:50:50,Remitly,3.2841
2024-03-12 17:51:01,Western Union,3.3190
2024-03-12 17:51:06,WorldRemit,3.3005
2024-03-12 18:10:03,Tuni.cash,3.3145
2024-03-12 18:10:04,Remitly,3.3004
2024-03-12 18:10:09,Western Union,3.3190
2024-03-12 18:10:16,WorldRemit,3.3005
2024-03-12 18:26:53,Tuni.cash,3.3145
2024-03-12 18:26:55,Remitly,3.2941
2024-03-12 18:27:10,Western Union,3.3190
2024-03-12 18:27:18,WorldRemit,3.3005
2024-03-12 18:40:16,Tuni.cash,3.3145
2024-03-12 18:40:19,Remitly,3.3013
2024-03-12 18:40:36,Western Union,3.3190
2024-03-12 18:40:43,WorldRemit,3.3005
2024-03-12 18:53:07,Tuni.cash,3.3145
2024-03-12 18:53:08,Remitly,3.2940
2024-03-12 18:53:20,Western Union,3.3190
2024-03-12 18:53:29,WorldRemit,3.3005
2024-03-12 19:17:28,Tuni.cash,3.3145
2024-03-12 19:17:30,Remitly,3.2960
2024-03-12 19:17:44,Western Union,3.3190
2024-03-12 19:17:50,WorldRemit,3.3005
2024-03-12 19:30:59,Tuni.cash,3.3145
2024-03-12 19:31:01,Remitly,3.2863
2024-03-12 19:31:14,Western Union,3.3190
2024-03-12 19:31:22,WorldRemit,3.3005
2024-03-12 19:43:57,Tuni.cash,3.3145
2024-03-12 19:43:59,Remitly,3.2817
2024-03-12 19:44:08,Western Union,3.3190
2024-03-12 19:44:19,WorldRemit,3.3005
2024-03-12 19:57:09,Tuni.cash,3.3145
2024-03-12 19:57:11,Remitly,3.2772
2024-03-12 19:57:24,Western Union,3.3190
2024-03-12 19:57:31,WorldRemit,3.3005
2024-03-12 20:17:08,Tuni.cash,3.3145
2024-03-12 20:17:11,Remitly,3.2690
2024-03-12 20:17:21,Western Union,3.3190
2024-03-12 20:17:27,WorldRemit,3.3015
2024-03-12 20:30:24,Tuni.cash,3.3145
2024-03-12 20:30:26,Remitly,3.2708
2024-03-12 20:30:40,Western Union,3.3190
2024-03-12 20:30:46,WorldRemit,3.3015
2024-03-12 20:43:23,Tuni.cash,3.3145
2024-03-12 20:43:24,Remitly,3.2719
2024-03-12 20:43:41,Western Union,3.3190
2024-03-12 20:43:47,WorldRemit,3.3015
2024-03-12 20:56:40,Tuni.cash,3.3145
2024-03-12 20:56:42,Remitly,3.2742
2024-03-12 20:56:59,Western Union,3.3190
2024-03-12 20:57:05,WorldRemit,3.3015
2024-03-12 21:20:34,Tuni.cash,3.3145
2024-03-12 21:20:36,Remitly,3.2847
2024-03-12 21:20:49,Western Union,3.3190
2024-03-12 21:21:04,WorldRemit,3.3018
2024-03-12 21:34:15,Tuni.cash,3.3145
2024-03-12 21:34:17,Remitly,3.2849
2024-03-12 21:34:27,Western Union,3.3190
2024-03-12 21:34:37,WorldRemit,3.3018
2024-03-12 21:47:25,Tuni.cash,3.3145
2024-03-12 21:47:27,Remitly,3.2865
2024-03-12 21:47:41,Western Union,3.3190
2024-03-12 21:47:49,WorldRemit,3.3018
2024-03-12 22:00:19,Tuni.cash,3.3145
2024-03-12 22:00:21,Remitly,3.2666
2024-03-12 22:00:35,Western Union,3.3190
2024-03-12 22:00:44,WorldRemit,3.3018
2024-03-12 22:18:27,Tuni.cash,3.3145
2024-03-12 22:18:29,Remitly,3.2718
2024-03-12 22:18:42,Western Union,3.3190
2024-03-12 22:18:50,WorldRemit,3.3019
2024-03-12 22:32:11,Tuni.cash,3.3145
2024-03-12 22:32:13,Remitly,3.2636
2024-03-12 22:32:25,Western Union,3.3190
2024-03-12 22:32:32,WorldRemit,3.3019
